PlotNumber,SiteUnit1,SiteUnit2,SiteUnit3,SiteUnit4,SiteUnit5,SiteUnit6,SiteUnit7,SiteUnit8,SiteUnit9,SiteUnit10,SiteUnit
0003051,FdiPy WarmInteriorandDry Forest Region,CLASS Pseumen (IDF and PP) Fdi or Py leading,ORDER Pseumen1-Calarub (Interior Fd forests(Fd or CALARUB),SUBORDER Pseumen-Calarub (central concept),ALLIANCE Pseumen-Pinucon-Pleusch (SBS warm xeric),SUBALL Pseumen-Rosaaci-Spirbet-Pleusch(SBS),?ASSOC Pseumen-Shepcan-Hylospl,,,,SBS dk   /Gb53
0003052,FdiPy WarmInteriorandDry Forest Region,CLASS Pseumen (IDF and PP) Fdi or Py leading,ORDER Pseumen1-Calarub (Interior Fd forests(Fd or CALARUB),SUBORDER Pseumen-Calarub (central concept),ALLIANCE Pseumen-Pinucon-Pleusch (SBS warm xeric),SUBALL Pseumen-Rosaaci-Spirbet-Pleusch(SBS),?ASSOC Pseumen-Shepcan-Hylospl,,,,SBS dk   /Ro
0003053,FdiPy WarmInteriorandDry Forest Region,CLASS Pseumen (IDF and PP) Fdi or Py leading,ORDER Pseumen1-Calarub (Interior Fd forests(Fd or CALARUB),SUBORDER Pseumen-Calarub (central concept),ALLIANCE Pseumen-Pinucon-Pleusch (SBS warm xeric),SUBALL Pseumen-Rosaaci-Spirbet-Pleusch(SBS),?ASSOC Pseumen-Shepcan-Hylospl,,,,SBS dk   /Gb53
0003054,,,,,,,,,,,SBS dk   /01-04 $5B At - Snowberry - Pin Cherry
0003055,,,,,,,,,,,SBS dk   /02
0003056,,,,,,,,,,,SBS dk   /01-04 $5B At - Snowberry - Pin Cherry
0003057,,,,,,,,,,,SBS dk   /Gg
0003060,,,,,,,,,,,SBS dk   /Gb53
0003063,,,,,,,,,,,SBS dk   /Ro
0003064,,,,,,,,,,,SBS dk   /Gg
0003065,,,,,,,,,,,SBS dk   /01-04 $5B At - Snowberry - Pin Cherry
0003068,,,,,,,,,,,SBS dk   /Gb53
0003069,,,,,,,,,,,SBS dk   /01-04 $5B At - Snowberry - Pin Cherry
0003070,,,,,,,,,,,SBS dk   /04 $ Aspen - Juniper - Grass%
0003352,,,,,,,,,,,SBS dk   /Ws07
0003452,,,,,,,,,,,SBS dk   /01-06 $5M AtSx - Soopolallie (mature)
0004652,,,,,,,,,,,SBS dk   /03
0005453,,,,,,,,,,,SBS dk   /05
0018453,,,,,,,,,,,SBS dk   /01 $5 Pl - Rose - Feathermoss (young climax)
0018652,,,,,,,,,,,SBS dk   /01
0018952,,,,,,,,,,,SBS dk   /01 $6B At - Rose
0112930,,,,,,,,,,,SBS dk   /05-03 $3b Pine - Soopolallie - Kinnikinnick (early seral)
0112931,,,,,,,,,,,SBS dk   /05-03 $3b Pine - Soopolallie - Kinnikinnick (early seral)
0112932,,,,,,,,,,,SBS dk   /01 $4 Pine - Spirea - Twinflower (seral)
0112933,,,,,,,,,,,SBS dk   /05-03 $3b Pine - Soopolallie - Kinnikinnick (early seral)
0112935,,,,,,,,,,,SBS dk   /01 $4 Pine - Spirea - Twinflower (seral)
0112936,,,,,,,,,,,SBS dk   /01 $4 Pine - Spirea - Twinflower (seral)
0112937,,,,,,,,,,,SBS dk   /06a
0112938,,,,,,,,,,,SBS dk   /01 $4 Pine - Spirea - Twinflower (seral)
0114625,,,,,,,,,,,SBS dk   /01 $3 Pine - Spirea - Bluejoint (young)
0114652,,,,,,,,,,,SBS dk   /05-01 $6B At - Snowberry - Peavine
0114653,,,,,,,,,,,SBS dk   /01 $3 Pine - Spirea - Bluejoint (young)
0114656,,,,,,,,,,,SBS dk   /10 $5 Sx - Labrador Tea
0114657,,,,,,,,,,,SBS dk   /01-05 $3b Pine - Spirea - Fireweed (plantation)
0114660,,,,,,,,,,,SBS dk   /01 $3 Pine - Spirea - Bluejoint (young)
0114662,,,,,,,,,,,SBS dk   /06 $5M ActSx - Highbush cranberry - Thimbleberry
0114665,,,,,,,,,,,SBS dk   /06a $5M AtSx - Hardhack
0114672,,,,,,,,,,,SBS dk   /01 $3 Pine - Spirea - Bluejoint (young)
0114676,,,,,,,,,,,SBS dk   /01 $6B At - Rose
0114677,,,,,,,,,,,SBS dk   /01 $5 Pl - Rose - Feathermoss (young climax)
0114734,,,,,,,,,,,SBS dk   /06 $5B EpAt - Dogwood - Peavine
02-1901,,,,,,,,,,,SBS dk   /Gb1
02-1903,,,,,,,,,,,SBS dk   /Gb2
02-1974,,,,,,,,,,,SBS dk   /Gb2
02-1976,,,,,,,,,,,SBS dk   /Gb1
02-1977,,,,,,,,,,,SBS dk   /Gb1
02-1986,,,,,,,,,,,SBS dk   /Xh
08-0010,,,,,,,,,,,SBS dk   /Ro
08-0018,,,,,,,,,,,SBS dk   /01-06 $5B At - Peavine
08-0021,,,,,,,,,,,SBS dk   /01-06 $5B At - Peavine
09174,,,,,,,,,,,SBS dk   /10 $3bB Mountain Alder - Black twinberry - Stinging nettle
09176,,,,,,,,,,,SBS dk   /01
100180,,,,,,,,,,,SBS dk   /06
100280,,,,,,,,,,,SBS dk   /01
100380,,,,,,,,,,,SBS dk   /06
100480,,,,,,,,,,,SBS dk   /05
100580,,,,,,,,,,,SBS dk   /01
100680,,,,,,,,,,,SBS dk   /06
106680,,,,,,,,,,,SBS dk   /06a
115478,,,,,,,,,,,SBS dk   /Fm02a
115778,,,,,,,,,,,SBS dk   /01
115978,,,,,,,,,,,SBS dk   /01
116078,,,,,,,,,,,SBS dk   /06
116178,,,,,,,,,,,SBS dk   /01-06 $5M AtSx - Twinberry (mature)
116278,,,,,,,,,,,SBS dk   /Wb08
116680,,,,,,,,,,,SBS dk   /01
116880,,,,,,,,,,,SBS dk   /03
116978,,,,,,,,,,,SBS dk   /06a
117078,,,,,,,,,,,SBS dk   /01-06 $5M AtSx - Twinberry (mature)
117178,,,,,,,,,,,SBS dk   /Gb53
117278,,,,,,,,,,,SBS dk   /06
117378,,,,,,,,,,,SBS dk   /Fm02a
117678,,,,,,,,,,,SBS dk   /06
117978,,,,,,,,,,,SBS dk   /03
118078,,,,,,,,,,,SBS dk   /Wb08
118178,,,,,,,,,,,SBS dk   /Gb53
118278,,,,,,,,,,,SBS dk   /Gb53
121578,,,,,,,,,,,SBS dk   /Fm02b
121978,,,,,,,,,,,SBS dk   /06a
122180,,,,,,,,,,,SBS dk   /06
123278,,,,,,,,,,,SBS dk   /Wb01
123378,,,,,,,,,,,SBS dk   /06 $5M ActSx - Highbush cranberry - Thimbleberry
123478,,,,,,,,,,,SBS dk   /Gb53
123578,,,,,,,,,,,SBS dk   /Gb53
123678,,,,,,,,,,,SBS dk   /Wb08
124780,,,,,,,,,,,SBS dk   /01
130778,,,,,,,,,,,SBS dk   /Gb53
162078,,,,,,,,,,,SBS dk   /Fm02a
162278,,,,,,,,,,,SBS dk   /Wb08
162378,,,,,,,,,,,SBS dk   /Wb01
162678,,,,,,,,,,,SBS dk   /07
263,,,,,,,,,,,SBS dk   /Gg
272980,,,,,,,,,,,SBS dk   /Ws04
273380,,,,,,,,,,,SBS dk   /Wm02
273580,,,,,,,,,,,SBS dk   /Wf02
273680,,,,,,,,,,,SBS dk   /Fl05
274480,,,,,,,,,,,SBS dk   /Wm02
301750,,,,,,,,,,,SBS dk   /01
378480,,,,,,,,,,,SBS dk   /Ws04
379380,,,,,,,,,,,SBS dk   /Ws07
408179,,,,,,,,,,,SBS dk   /Wb01
408479,,,,,,,,,,,SBS dk   /02
408679,,,,,,,,,,,SBS dk   /Gb1
410379,,,,,,,,,,,SBS dk   /05
410679,,,,,,,,,,,SBS dk   /01
410879,,,,,,,,,,,SBS dk   /01
410979,,,,,,,,,,,SBS dk   /01
411179,,,,,,,,,,,SBS dk   /01
411279,,,,,,,,,,,SBS dk   /Gg
411479,,,,,,,,,,,SBS dk   /$2 Dandelion - Bluegrass
411779,,,,,,,,,,,SBS dk   /01-06 $5B At - Peavine
411979,,,,,,,,,,,SBS dk   /01
412179,,,,,,,,,,,SBS dk   /01-06 $5B At - Peavine
412279,,,,,,,,,,,SBS dk   /$2 Dandelion - Bluegrass
412679,,,,,,,,,,,SBS dk   /01
412779,,,,,,,,,,,SBS dk   /06
412879,,,,,,,,,,,SBS dk   /01-05 $5 Pl(Sx) - Alder - Feathermoss (young climax)
413079,,,,,,,,,,,SBS dk   /05
413179,,,,,,,,,,,SBS dk   /02
413279,,,,,,,,,,,SBS dk   /06
413479,,,,,,,,,,,SBS dk   /01
413579,,,,,,,,,,,SBS dk   /01
413879,,,,,,,,,,,SBS dk   /05
414379,,,,,,,,,,,SBS dk   /01-05 $5 Pl(Sx) - Alder - Feathermoss (young climax)
414679,,,,,,,,,,,SBS dk   /05
414779,,,,,,,,,,,SBS dk   /01
414879,,,,,,,,,,,SBS dk   /07
414979,,,,,,,,,,,SBS dk   /06
415779,,,,,,,,,,,SBS dk   /06-07 $5C Act(At) - Lathnev
416079,,,,,,,,,,,SBS dk   /Wb08
416579,,,,,,,,,,,SBS dk   /05
416679,,,,,,,,,,,SBS dk   /01-05 $5 Pl(Sx) - Alder - Feathermoss (young climax)
418479,,,,,,,,,,,SBS dk   /04
418579,,,,,,,,,,,SBS dk   /07
418779,,,,,,,,,,,SBS dk   /01
418979,,,,,,,,,,,SBS dk   /04
428879,,,,,,,,,,,SBS dk   /06
428979,,,,,,,,,,,SBS dk   /01-06 $5B At - Cowparsnip
429279,,,,,,,,,,,SBS dk   /01
438979,,,,,,,,,,,SBS dk   /05
439079,,,,,,,,,,,SBS dk   /01
439179,,,,,,,,,,,SBS dk   /01-06 $5B At - Peavine
439379,,,,,,,,,,,SBS dk   /02
6CS108,,,,,,,,,,,SBS dk   /Fm02b
6CS123,,,,,,,,,,,SBS dk   /$Fm02
6CS124,,,,,,,,,,,SBS dk   /Fm02a
8400004,,,,,,,,,,,SBS dk   /Fm02b
8400011,,,,,,,,,,,SBS dk   /06 $5M ActSx - Highbush cranberry - Thimbleberry
8400013,,,,,,,,,,,SBS dk   /01 $5 Pl - Rose - Feathermoss (young climax)
8400015,,,,,,,,,,,SBS dk   /01 $5 Pl - Rose - Feathermoss (young climax)
8400017,,,,,,,,,,,SBS dk   /03
8400027,,,,,,,,,,,SBS dk   /03
8400028,,,,,,,,,,,SBS dk   /03
8400033,,,,,,,,,,,SBS dk   /01 $5 Pl - Rose - Feathermoss (young climax)
8400034,,,,,,,,,,,SBS dk   /03
8400035,,,,,,,,,,,SBS dk   /01 $5 Pl - Rose - Feathermoss (young climax)
8400036,,,,,,,,,,,SBS dk   /03
8400040,,,,,,,,,,,SBS dk   /01
8400060,,,,,,,,,,,SBS dk   /Ws07
8400061,,,,,,,,,,,SBS dk   /Ws04
8529247,,,,,,,,,,,SBS dk   /01
8529248,,,,,,,,,,,SBS dk   /01 $5 Pl - Rose - Feathermoss (young climax)
8529249,,,,,,,,,,,SBS dk   /04
961102,,,,,,,,,,,SBS dk   /Ws03
961103,,,,,,,,,,,SBS dk   /Wm02
961105,,,,,,,,,,,SBS dk   /Wf02
961107,,,,,,,,,,,SBS dk   /Wf08
961108,,,,,,,,,,,SBS dk   /Wm01
961109,,,,,,,,,,,SBS dk   /Wf19
961119,,,,,,,,,,,SBS dk   /Fl05
961120,,,,,,,,,,,SBS dk   /Wm02
961121,,,,,,,,,,,SBS dk   /Fl05
961122,,,,,,,,,,,SBS dk   /Ws03
961123,,,,,,,,,,,SBS dk   /Wm02
961124,,,,,,,,,,,SBS dk   /Wm02
961125,,,,,,,,,,,SBS dk   /Ws05
961126,,,,,,,,,,,SBS dk   /Wb07
961127,,,,,,,,,,,SBS dk   /Wf14
961128,,,,,,,,,,,SBS dk   /Wm01
961162,,,,,,,,,,,SBS dk /Ws[L.c]
961163,,,,,,,,,,,SBS dk   /Ws03
961164,,,,,,,,,,,SBS dk   /Wm02
961165,,,,,,,,,,,SBS dk   /Fl05
961166,,,,,,,,,,,SBS dk   /07 $5B At - Black twinberry - Horsetail
961167,,,,,,,,,,,SBS dk   /07
961168,,,,,,,,,,,SBS dk   /Wf07
9611753,,,,,,,,,,,SBS dk   /06 $5B EpAt - Dogwood - Peavine
9611760,,,,,,,,,,,SBS dk   /Gb53
9611761,,,,,,,,,,,SBS dk   /$2 Dandelion - Bluegrass
9611767,,,,,,,,,,,SBS dk   /Fm02b
9611768,,,,,,,,,,,SBS dk   /03 $5B At - Saskatoon - Kinnikinnick
9611916,,,,,,,,,,,SBS dk   /Gb53
9611923,,,,,,,,,,,SBS dk   /Fm02b
9611926,,,,,,,,,,,SBS dk   /Gb53
9611953,,,,,,,,,,,SBS dk   /01-06 $5B At - Peavine
9611965,,,,,,,,,,,SBS dk   /07
9611967,,,,,,,,,,,SBS dk   /Ws07
9611970,,,,,,,,,,,SBS dk   /Gb53
9611974,,,,,,,,,,,SBS dk   /Gb1
9611980,,,,,,,,,,,SBS dk   /Fm02a
9611993,,,,,,,,,,,SBS dk   /Fm02a
961236,,,,,,,,,,,SBS dk   /xGb53
961259,,,,,,,,,,,SBS dk   /$2 Dandelion - Bluegrass
9613290,,,,,,,,,,,SBS dk   /07-10 $3bB Alder - Devilsclub - Ladyfern
9613291,,,,,,,,,,,SBS dk   /06 $5M ActSx - Highbush cranberry - Thimbleberry
9613294,,,,,,,,,,,SBS dk   /01-06 $5B At - Peavine
9613295,,,,,,,,,,,SBS dk   /Fm02a
9613312,,,,,,,,,,,SBS dk   /03 $5B At - Douglas Maple Colluvial (5)
9613317,,,,,,,,,,,SBS dk   /07-10 $3bB Alder - Devilsclub - Ladyfern
9613863,,,,,,,,,,,SBS dk   /01-06 $5B At - Cowparsnip
9613868,,,,,,,,,,,SBS dk   /06 $5B EpAt - Dogwood - Peavine
9614743,,,,,,,,,,,SBS dk   /Gb1
9617127,,,,,,,,,,,SBS dk   /01-06 $5M AtSx - Soopolallie (mature)
9617268,,,,,,,,,,,SBS dk   /$2 Dandelion - Bluegrass
9622550,,,,,,,,,,,SBS dk   /Wb01
9622643,,,,,,,,,,,SBS dk   /03
9622648,,,,,,,,,,,SBS dk   /07
9622650,,,,,,,,,,,SBS dk   /01-06 $5M AtSx - Soopolallie (mature)
9622657,,,,,,,,,,,SBS dk   /03
9622658,,,,,,,,,,,SBS dk   /01-06 $5M AtSx - Soopolallie (mature)
9622659,,,,,,,,,,,SBS dk   /03
9624760,,,,,,,,,,,SBS dk   /01-06 $5B At - Peavine
9624761,,,,,,,,,,,SBS dk   /03 $5B At - Saskatoon - Kinnikinnick
9624763,,,,,,,,,,,SBS dk   /03
9624764,,,,,,,,,,,SBS dk   /Wb01
9624777,,,,,,,,,,,SBS dk   /05-01 $5B At - Hardhack
9624779,,,,,,,,,,,SBS dk   /Gb1
9624780,,,,,,,,,,,SBS dk   /Wb01
9624781,,,,,,,,,,,SBS dk   /Ws07
9624782,,,,,,,,,,,SBS dk   /01 $5 Pl - Rose - Feathermoss (young climax)
9624783,,,,,,,,,,,SBS dk   /06 $5B EpAt - Dogwood - Peavine
9624784,,,,,,,,,,,SBS dk   /01-06 $5M AtSx - Twinberry (mature)
9624787,,,,,,,,,,,SBS dk   /07-10 $3bB Alder - Devilsclub - Ladyfern
9624802,,,,,,,,,,,SBS dk   /01-06 $5M AtSx - Twinberry (mature)
9624803,,,,,,,,,,,SBS dk   /Fm02b
9624804,,,,,,,,,,,SBS dk   /06 $5M AtSx - Thimbleberry - Oakfern
9624805,,,,,,,,,,,SBS dk   /06 $5M ActSx - Highbush cranberry - Thimbleberry
9624813,,,,,,,,,,,SBS dk   /01-06 $5M AtSx - Soopolallie (mature)
9624827,,,,,,,,,,,SBS dk   /10 $3bB Mountain Alder - Horsetail - Bluejoint
9624959,,,,,,,,,,,SBS dk   /06 $5B AtWs - Dogwood
9626002,,,,,,,,,,,SBS dk   /07-10 $3bB Alder - Devilsclub - Ladyfern
9626014,,,,,,,,,,,SBS dk   /01$ WsDm - Black twinberry - Thimbleberry
9626015,,,,,,,,,,,SBS dk   /03 $5B At - Douglas Maple Colluvial (5)
9626018,,,,,,,,,,,SBS dk   /07 $5B At - Black twinberry - Bluejoint
9626019,,,,,,,,,,,SBS dk   /05-01 $6B At - Snowberry - Peavine
9626032,,,,,,,,,,,SBS dk   /05-01 $6B At - Snowberry - Peavine
9626033,,,,,,,,,,,SBS dk   /07 $5B At - Black twinberry - Horsetail
9626034,,,,,,,,,,,SBS dk   /05-01 $5B At - Hardhack
9626035,,,,,,,,,,,SBS dk   /05-01 $5B At - Hardhack
9626061,,,,,,,,,,,SBS dk   /01-06 $3bB Aspen -Thimbleberry - Showy aster (shrub)
9626062,,,,,,,,,,,SBS dk   /Ws07
9626063,,,,,,,,,,,SBS dk   /Ws07
9626065,,,,,,,,,,,SBS dk   /01-06 $5M AtSx - Rose (mature)
9626068,,,,,,,,,,,SBS dk   /Gb1
9626070,,,,,,,,,,,SBS dk   /10 $3bB Mountain alder - Horsetail
9626082,,,,,,,,,,,SBS dk   /10 $3bB Mountain Alder - Horsetail - Bluejoint
9626519,,,,,,,,,,,SBS dk   /Gb1
9626521,,,,,,,,,,,SBS dk   /$2 Dandelion - Bluegrass
9626623,,,,,,,,,,,SBS dk   /Xh
9626624,,,,,,,,,,,SBS dk   /Gg
9626769,,,,,,,,,,,SBS dk   /01-06 $5M AtSx - Soopolallie (mature)
9626770,,,,,,,,,,,SBS dk   /03 $5B At - Saskatoon - Kinnikinnick
9626991,,,,,,,,,,,SBS dk   /Gb1
9626992,,,,,,,,,,,SBS dk   /Gb1
9628621,,,,,,,,,,,SBS dk   /Wf19
9628622,,,,,,,,,,,SBS dk   /Wb01
9628623,,,,,,,,,,,SBS dk   /Wf07
9628632,,,,,,,,,,,SBS dk   /Wf11
9628637,,,,,,,,,,,SBS dk   /Wm01
963001,,,,,,,,,,,SBS dk   /Wb01
963002,,,,,,,,,,,SBS dk   /10 $3bB Mountain Alder - Black twinberry - Stinging nettle
963013,,,,,,,,,,,SBS dk   /Wm02
963101,,,,,,,,,,,SBS dk   /Wf07
963102,,,,,,,,,,,SBS dk   /Wb08
963103,,,,,,,,,,,SBS dk   /Wf06
963104,,,,,,,,,,,SBS dk   /Ws07
963105,,,,,,,,,,,SBS dk   /Fl05
963106,,,,,,,,,,,SBS dk   /Ws04
963107,,,,,,,,,,,SBS dk   /Wb08
963108,,,,,,,,,,,SBS dk   /Wb01
963109,,,,,,,,,,,SBS dk   /Wf08
963110,,,,,,,,,,,SBS dk   /Wf02
963111,,,,,,,,,,,SBS dk   /Wb08
963113,,,,,,,,,,,SBS dk   /Wb01
964529,,,,,,,,,,,SBS dk   /Wb08
965081,,,,,,,,,,,SBS dk   /06 $5B Ep - DevilsClub
965082,,,,,,,,,,,SBS dk   /06 $5M AtSx - Thimbleberry - Oakfern
965089,,,,,,,,,,,SBS dk   /01 $5 Pl - Thimbleberry - Feathermoss (young climax)
965090,,,,,,,,,,,SBS dk   /Fl05
965091,,,,,,,,,,,SBS dk   /Fl05
965092,,,,,,,,,,,SBS dk   /Fl05
965097,,,,,,,,,,,SBS dk   /03
965100,,,,,,,,,,,SBS dk   /06-07 $5C Act(At) - Lathnev
965101,,,,,,,,,,,SBS dk   /06 $5B AtWs - Dogwood
965102,,,,,,,,,,,SBS dk   /06-07 $5C Act(At) - Lathnev
965111,,,,,,,,,,,SBS dk   /05-01 $6B At - Snowberry - Peavine
965112,,,,,,,,,,,SBS dk   /01-06 $5B At - Peavine
965113,,,,,,,,,,,SBS dk   /06-07 $5C Act(At) - Lathnev
965114,,,,,,,,,,,SBS dk   /01-06 $5B At - Cowparsnip
965116,,,,,,,,,,,SBS dk   /01-06 $5B At - Peavine
965117,,,,,,,,,,,SBS dk   /06-07 $5C Act(At) - Lathnev
965118,,,,,,,,,,,SBS dk   /03 $5B At - Douglas Maple Colluvial (5)
965119,,,,,,,,,,,SBS dk   /05-01 $6B At - Snowberry - Peavine
965120,,,,,,,,,,,SBS dk   /07 $5B At - Black twinberry - Horsetail
965121,,,,,,,,,,,SBS dk   /06-07 $5C Act(At) - Lathnev
965132,,,,,,,,,,,SBS dk   /06 $5B Ep - DevilsClub
965133,,,,,,,,,,,SBS dk   /01$ WsDm - Black twinberry - Thimbleberry
965134,,,,,,,,,,,SBS dk   /07 $5B At - Black twinberry - Horsetail
965135,,,,,,,,,,,SBS dk   /01-06 $5B At - Peavine
965136,,,,,,,,,,,SBS dk   /06 $5B EpAt - Dogwood - Peavine
965137,,,,,,,,,,,SBS dk   /01 $6B At - Rose
965161,,,,,,,,,,,SBS dk   /05-01 $5B At - Hardhack
965162,,,,,,,,,,,SBS dk   /05-01 $5B At - Hardhack
965163,,,,,,,,,,,SBS dk   /01-06 $5B At - Peavine
965164,,,,,,,,,,,SBS dk   /06-07 $5C Act(At) - Lathnev
965165,,,,,,,,,,,SBS dk   /Fm02a
965167,,,,,,,,,,,SBS dk   /07 $5B At - Black twinberry - Bluejoint
965170,,,,,,,,,,,SBS dk   /01-06 $5B At - Peavine
965176,,,,,,,,,,,SBS dk   /05-01 $6B At - Snowberry - Peavine
965178,,,,,,,,,,,SBS dk   /06 $5B EpAt - Dogwood - Peavine
965185,,,,,,,,,,,SBS dk   /Fm02a
965186,,,,,,,,,,,SBS dk   /06 $5B AtWs - Dogwood
965310,,,,,,,,,,,SBS dk   /06 $5B Ep - DevilsClub
965316,,,,,,,,,,,SBS dk   /01-06 $5M AtSx - Twinberry (mature)
965317,,,,,,,,,,,SBS dk   /01-06 $5B At - Peavine
965507,,,,,,,,,,,SBS dk   /06 $5M ActSx - Highbush cranberry - Thimbleberry
965525,,,,,,,,,,,SBS dk   /01-06 $5M AtSx - Soopolallie (mature)
965539,,,,,,,,,,,SBS dk   /01-06 $5M AtSx - Soopolallie (mature)
965551,,,,,,,,,,,SBS dk   /01-06 $5M AtSx - Rose (mature)
965556,,,,,,,,,,,SBS dk   /06 $5B EpAt - Dogwood - Peavine
965573,,,,,,,,,,,SBS dk   /01-06 $5M AtSx - Rose (mature)
965577,,,,,,,,,,,SBS dk   /01-06 $5M AtSx - Rose (mature)
965580,,,,,,,,,,,SBS dk   /06-07 $5C Act(At) - Lathnev
965599,,,,,,,,,,,SBS dk   /06 $5M ActSx - Highbush cranberry - Thimbleberry
965605,,,,,,,,,,,SBS dk   /01 $6B At - Rose
965761,,,,,,,,,,,SBS dk   /03 $5B At - Saskatoon - Kinnikinnick
965763,,,,,,,,,,,SBS dk   /05-01 $6B At - Snowberry - Peavine
965765,,,,,,,,,,,SBS dk   /01-06 $5B At - Cowparsnip
965766,,,,,,,,,,,SBS dk   /06 $5B EpAt - Dogwood - Peavine
965767,,,,,,,,,,,SBS dk   /01-04 $5B At - Snowberry - Pin Cherry
965768,,,,,,,,,,,SBS dk   /06-07 $5C Act(At) - Lathnev
965769,,,,,,,,,,,SBS dk   /03 $5B At - Saskatoon - Kinnikinnick
965770,,,,,,,,,,,SBS dk   /01 $6B At - Rose
965771,,,,,,,,,,,SBS dk   /01 $6B At - Rose
965772,,,,,,,,,,,SBS dk   /01-06 $5B At - Peavine
965773,,,,,,,,,,,SBS dk   /01-06 $5B At - Peavine
965774,,,,,,,,,,,SBS dk   /07 $5B At - Black twinberry - Bluejoint
965777,,,,,,,,,,,SBS dk   /06 $5B AtWs - Dogwood
965807,,,,,,,,,,,SBS dk   /03 $5B At - Saskatoon - Kinnikinnick
965808,,,,,,,,,,,SBS dk   /01 $6B At - Rose
966562,,,,,,,,,,,SBS dk   /Wf01
966571,,,,,,,,,,,SBS dk   /01-06 $5M AtSx - Rose (mature)
966919,,,,,,,,,,,SBS dk   /Gg
966920,,,,,,,,,,,SBS dk   /$2 Dandelion - Bluegrass
966921,,,,,,,,,,,SBS dk   /Gb1
967723,,,,,,,,,,,SBS dk   /06 $5B EpAt - Dogwood - Peavine
967726,,,,,,,,,,,SBS dk   /01-06 $5B At - Peavine
967727,,,,,,,,,,,SBS dk   /01-06 $5M AtSx - Soopolallie (mature)
967728,,,,,,,,,,,SBS dk   /01-04 $5B At - Snowberry - Pin Cherry
967732,,,,,,,,,,,SBS dk   /07 $5B At - Black twinberry - Horsetail
967736,,,,,,,,,,,SBS dk   /06-07 $5C Act(At) - Lathnev
969472,,,,,,,,,,,SBS dk   /Fm02b
969473,,,,,,,,,,,SBS dk   /Wb08
969474,,,,,,,,,,,SBS dk   /Wf19
969476,,,,,,,,,,,SBS dk   /Wb08
969477,,,,,,,,,,,SBS dk   /Wf02
969479,,,,,,,,,,,SBS dk   /Ws05
969480,,,,,,,,,,,SBS dk   /Wf05
969853,,,,,,,,,,,SBS dk   /01-06 $5B At - Peavine
969854,,,,,,,,,,,SBS dk   /Ws07
96AH4,,,,,,,,,,,SBS dk   /07 $5B At - Black twinberry - Horsetail
96M49,,,,,,,,,,,SBS dk   /06 $5M AtSx - Thimbleberry - Oakfern
96M53,,,,,,,,,,,SBS dk   /10 $3bB Mountain Alder - Black twinberry - Stinging nettle
96M55,,,,,,,,,,,SBS dk   /06 $5M AtSx - Thimbleberry - Oakfern
96M59,,,,,,,,,,,SBS dk   /06 $5M AtSx - Thimbleberry - Oakfern
96M60,,,,,,,,,,,SBS dk   /06 $5M AtSx - Thimbleberry - Oakfern
96M62,,,,,,,,,,,SBS dk   /06 $5B EpAt - Dogwood - Peavine
96TC540,,,,,,,,,,,SBS dk   /Fm02b
97--003,,,,,,,,,,,SBS dk - SIBEC
97--019,,,,,,,,,,,SBS dk - SIBEC
97--020,,,,,,,,,,,SBS dk - SIBEC
9800041,,,,,,,,,,,SBS dk   /07
9800042,,,,,,,,,,,SBS dk   /01
9802615,,,,,,,,,,,SBS dk   /06a $5M AtSx - Hardhack
9802616,,,,,,,,,,,SBS dk   /$2 Oxeye Daisy - Red Fescue
9802617,,,,,,,,,,,SBS dk   /06 $5B Ep - DevilsClub
9802618,,,,,,,,,,,SBS dk   /$2 Oxeye Daisy - Red Fescue
9802619,,,,,,,,,,,SBS dk   /06 $5B EpAt - Dogwood - Peavine
9802620,,,,,,,,,,,SBS dk   /06-01 $3aB Raspberry - Peavine (pioneer seral)
9802621,,,,,,,,,,,SBS dk   /01-06 $5B At - Cowparsnip
9802622,,,,,,,,,,,SBS dk   /01-05 $3b Pine - Spirea - Fireweed (plantation)
9802624,,,,,,,,,,,SBS dk   /01 $3a Rose - Bunchberry - Fireweed
9802625,,,,,,,,,,,SBS dk   /$2 Fireweed - Bunchberry
9802691,,,,,,,,,,,SBS dk   /01 $3a Rose - Bunchberry - Fireweed
9802694,,,,,,,,,,,SBS dk   /01$ WsDm - Black twinberry - Thimbleberry
9802695,,,,,,,,,,,SBS dk   /Xv01
9802699,,,,,,,,,,,SBS dk   /01$ WsDm - Black twinberry - Thimbleberry
9902127,,,,,,,,,,,SBS dk   /Wm04
9903105,,,,,,,,,,,SBS dk   /01$3a Spirea - Rose - Peavine
9903108,,,,,,,,,,,SBS dk   /07 $5B At - Black twinberry - Bluejoint
BEM03,,,,,,,,,,,SBS dk   /$2 Fireweed - Bunchberry
BEM05,,,,,,,,,,,SBS dk   /01-05 $5 Pl(Sx) - Alder - Feathermoss (young climax)
BEM13,,,,,,,,,,,SBS dk   /05-03 $3b Pine - Soopolallie - Kinnikinnick (early seral)
BEM42,,,,,,,,,,,SBS dk   /$2 Becknells  Geranium
BEM44,,,,,,,,,,,SBS dk   /$2 Becknells  Geranium
BEM46,,,,,,,,,,,SBS dk   /$2 Becknells  Geranium
BTF22,,,,,,,,,,,SBS dk   /06 $5B Ep - DevilsClub
BTF23,,,,,,,,,,,SBS dk   /06 $5M AtSx - Thimbleberry - Oakfern
CL00011,,,,,,,,,,,SBS dk   /Wm01
CL00012,,,,,,,,,,,SBS dk   /Wf02
CL00013,,,,,,,,,,,SBS dk   /Wm01
CL00014,,,,,,,,,,,SBS dk   /Wm01
CL00015,,,,,,,,,,,SBS dk   /Ws04
CL00022,,,,,,,,,,,SBS dk   /Wf02
CL00023,,,,,,,,,,,SBS dk   /Wf02
CL00024,,,,,,,,,,,SBS dk   /Wf02
CL00031,,,,,,,,,,,SBS dk   /Wm01
CL00032,,,,,,,,,,,SBS dk   /Wf02
CL00033,,,,,,,,,,,SBS dk   /Wf02
CL00035,,,,,,,,,,,SBS dk   /Ws04
CL00041,,,,,,,,,,,SBS dk   /Ws04
CL00042,,,,,,,,,,,SBS dk   /Wm01
CL00043,,,,,,,,,,,SBS dk   /Wf02
CL00044,,,,,,,,,,,SBS dk   /Wf02
CL00045,,,,,,,,,,,SBS dk   /Wb01
CL00051,,,,,,,,,,,SBS dk   /Wf02
CL00052,,,,,,,,,,,SBS dk   /Wf02
CL00053,,,,,,,,,,,SBS dk   /Wf02
CL00054,,,,,,,,,,,SBS dk   /Wf02
CL00055,,,,,,,,,,,SBS dk   /Wb01
CL00061,,,,,,,,,,,SBS dk   /Ws04
CL00062,,,,,,,,,,,SBS dk   /Ws04
CL00063,,,,,,,,,,,SBS dk   /Ws04
CL00064,,,,,,,,,,,SBS dk   /Wf02
CL00065,,,,,,,,,,,SBS dk   /Wf02
Mor0a01,,,,,,,,,,,SBS dk   /01-05-07 $3aB Thimbleberry - Fireweed
Mor0a03,,,,,,,,,,,SBS dk   /01-05-07 $3aB Thimbleberry - Fireweed
Mor0a83,,,,,,,,,,,SBS dk   /01-05-07 $3aB Thimbleberry - Fireweed
Mor0a84,,,,,,,,,,,SBS dk   /01-05-07 $3aB Thimbleberry - Fireweed
Mor0a85,,,,,,,,,,,SBS dk   /07 $3aB Thimbleberry - Horsetail
Mor0a86,,,,,,,,,,,SBS dk   /07 $3aB Thimbleberry - Horsetail
Mor0a87,,,,,,,,,,,SBS dk   /01-05-07 $3aB Thimbleberry - Fireweed
Mor0a89,,,,,,,,,,,SBS dk   /07 $3aB Thimbleberry - Horsetail
Mor0a92,,,,,,,,,,,SBS dk   /07 $3aB Thimbleberry - Horsetail
Mor0b01,,,,,,,,,,,SBS dk   /07 $3aB Thimbleberry - Horsetail
Mor0b03,,,,,,,,,,,SBS dk   /07 $3aB Thimbleberry - Horsetail
Mor0b83,,,,,,,,,,,SBS dk   /01-05-07 $3aB Thimbleberry - Fireweed
Mor0b84,,,,,,,,,,,SBS dk   /01-05-07 $3aB Thimbleberry - Fireweed
Mor0b85,,,,,,,,,,,SBS dk   /07 $3aB Thimbleberry - Horsetail
Mor0b86,,,,,,,,,,,SBS dk   /07 $3aB Thimbleberry - Horsetail
Mor0b87,,,,,,,,,,,SBS dk   /07 $3aB Thimbleberry - Horsetail
Mor0b89,,,,,,,,,,,SBS dk   /07 $3aB Thimbleberry - Horsetail
Mor0b92,,,,,,,,,,,SBS dk   /07 $3aB Thimbleberry - Horsetail
Mor0c01,,,,,,,,,,,SBS dk   /07 $3aB Thimbleberry - Cowparsnip
Mor0c03,,,,,,,,,,,SBS dk   /07 $3aB Thimbleberry - Cowparsnip
Mor0c83,,,,,,,,,,,SBS dk   /07 $3aB Thimbleberry - Horsetail
Mor0c84,,,,,,,,,,,SBS dk   /07 $3aB Thimbleberry - Horsetail
Mor0c85,,,,,,,,,,,SBS dk   /07 $3aB Thimbleberry - Horsetail
Mor0c86,,,,,,,,,,,SBS dk   /07 $3aB Thimbleberry - Horsetail
Mor0c87,,,,,,,,,,,SBS dk   /07 $3aB Thimbleberry - Horsetail
Mor0c89,,,,,,,,,,,SBS dk   /07 $3aB Thimbleberry - Horsetail
Mor0c92,,,,,,,,,,,SBS dk   /07 $3aB Thimbleberry - Horsetail
Mor0d01,,,,,,,,,,,SBS dk   /06-01 $3aB Raspberry - Peavine (pioneer seral)
Mor0d03,,,,,,,,,,,SBS dk   /06-01 $3aB Raspberry - Peavine (pioneer seral)
Mor0d83,,,,,,,,,,,SBS dk   /$2 Fireweed - Bunchberry
Mor0d84,,,,,,,,,,,SBS dk   /01-05-07 $3aB Thimbleberry - Fireweed
Mor0d85,,,,,,,,,,,SBS dk   /01-05-07 $3aB Thimbleberry - Fireweed
Mor0d86,,,,,,,,,,,SBS dk   /07 $3aB Thimbleberry - Horsetail
Mor0d87,,,,,,,,,,,SBS dk   /07 $3aB Thimbleberry - Cowparsnip
Mor0d89,,,,,,,,,,,SBS dk   /07 $3aB Thimbleberry - Cowparsnip
Mor0d92,,,,,,,,,,,SBS dk   /07 $3aB Thimbleberry - Cowparsnip
Mor0e01,,,,,,,,,,,SBS dk   /01-06 $5B At - Peavine
Mor0e03,,,,,,,,,,,SBS dk   /01-06 $5B At - Peavine
Mor0e83,,,,,,,,,,,SBS dk   /01-05-07 $3aB Thimbleberry - Fireweed
Mor0e84,,,,,,,,,,,SBS dk   /01-05-07 $3aB Thimbleberry - Fireweed
Mor0e85,,,,,,,,,,,SBS dk   /07 $3aB Thimbleberry - Cowparsnip
Mor0e86,,,,,,,,,,,SBS dk   /07 $3aB Thimbleberry - Horsetail
Mor0e87,,,,,,,,,,,SBS dk   /07 $3aB Thimbleberry - Cowparsnip
Mor0e89,,,,,,,,,,,SBS dk   /07 $3aB Thimbleberry - Cowparsnip
Mor0e92,,,,,,,,,,,SBS dk   /01-05-07 $3aB Thimbleberry - Fireweed
Mor1a83,,,,,,,,,,,SBS dk   /06-01 $3aB Raspberry - Peavine (pioneer seral)
Mor1a84,,,,,,,,,,,SBS dk   /06-01 $3aB Raspberry - Peavine (pioneer seral)
Mor1a85,,,,,,,,,,,SBS dk   /06-01 $3aB Raspberry - Peavine (pioneer seral)
Mor1a86,,,,,,,,,,,SBS dk   /06-01 $3aB Raspberry - Peavine (pioneer seral)
Mor1a87,,,,,,,,,,,SBS dk   /06-01 $3aB Raspberry - Peavine (pioneer seral)
Mor1a89,,,,,,,,,,,SBS dk   /06-01 $3aB Raspberry - Peavine (pioneer seral)
Mor1b83,,,,,,,,,,,SBS dk   /06-05 $3aB Thimbleberry - Showy aster
Mor1b84,,,,,,,,,,,SBS dk   /06-05 $3aB Thimbleberry - Showy aster
Mor1b85,,,,,,,,,,,SBS dk   /06-05 $3aB Thimbleberry - Peavine
Mor1b86,,,,,,,,,,,SBS dk   /06-05 $3aB Thimbleberry - Peavine
Mor1b87,,,,,,,,,,,SBS dk   /06-05 $3aB Thimbleberry - Showy aster
Mor1b89,,,,,,,,,,,SBS dk   /01-06 $3bB Aspen -Thimbleberry - Showy aster (shrub)
Mor1c83,,,,,,,,,,,SBS dk   /06-05 $3aB Thimbleberry - Showy aster
Mor1c84,,,,,,,,,,,SBS dk   /06-05 $3aB Thimbleberry - Peavine
Mor1c85,,,,,,,,,,,SBS dk   /06-05 $3aB Thimbleberry - Peavine
Mor1c86,,,,,,,,,,,SBS dk   /06-05 $3aB Thimbleberry - Peavine
Mor1c87,,,,,,,,,,,SBS dk   /06-05 $3aB Thimbleberry - Peavine
Mor1c89,,,,,,,,,,,SBS dk   /01-06 $3bB Aspen -Thimbleberry - Showy aster (shrub)
Mor1d83,,,,,,,,,,,SBS dk   /06-05 $3aB Thimbleberry - Showy aster
Mor1d84,,,,,,,,,,,SBS dk   /06-05 $3aB Thimbleberry - Peavine
Mor1d85,,,,,,,,,,,SBS dk   /06-05 $3aB Thimbleberry - Peavine
Mor1d86,,,,,,,,,,,SBS dk   /06-05 $3aB Thimbleberry - Peavine
Mor1d87,,,,,,,,,,,SBS dk   /01-06 $3bB Aspen -Thimbleberry - Showy aster (shrub)
Mor1d89,,,,,,,,,,,SBS dk   /01-06 $3bB Aspen -Thimbleberry - Showy aster (shrub)
Mor1e83,,,,,,,,,,,SBS dk   /06-05 $3aB Thimbleberry - Showy aster
Mor1e84,,,,,,,,,,,SBS dk   /01-05-07 $3aB Thimbleberry - Fireweed
Mor1e85,,,,,,,,,,,SBS dk   /06-05 $3aB Thimbleberry - Showy aster
Mor1e86,,,,,,,,,,,SBS dk   /06-05 $3aB Thimbleberry - Showy aster
Mor1e87,,,,,,,,,,,SBS dk   /06-05 $3aB Thimbleberry - Showy aster
Mor1e89,,,,,,,,,,,SBS dk   /06-05 $3aB Thimbleberry - Showy aster
Mor2a83,,,,,,,,,,,SBS dk   /01 $3a Rose - Fireweed
Mor2a84,,,,,,,,,,,SBS dk   /$2 Fireweed - Bunchberry
Mor2a85,,,,,,,,,,,SBS dk   /$2 Fireweed - Bunchberry
Mor2a86,,,,,,,,,,,SBS dk   /01 $3a Rose - Fireweed
Mor2a87,,,,,,,,,,,SBS dk   /01 $3a Rose - Bunchberry - Fireweed
Mor2a89,,,,,,,,,,,SBS dk   /01 $3a Rose - Bunchberry - Fireweed
Mor2a92,,,,,,,,,,,SBS dk   /01 $3a Rose - Bunchberry - Fireweed
Mor2b83,,,,,,,,,,,SBS dk   /01 $3a Rose - Bunchberry - Fireweed
Mor2b84,,,,,,,,,,,SBS dk   /01 $3a Rose - Bunchberry - Fireweed
Mor2b85,,,,,,,,,,,SBS dk   /01 $3a Rose - Bunchberry - Fireweed
Mor2b86,,,,,,,,,,,SBS dk   /01 $3a Rose - Bunchberry - Fireweed
Mor2b87,,,,,,,,,,,SBS dk   /01 $3a Rose - Bunchberry - Fireweed
Mor2b89,,,,,,,,,,,SBS dk   /01-05 $3aB Rose - Linnbor - Haircap moss
Mor2b92,,,,,,,,,,,SBS dk   /01-05 $3aB Rose - Linnbor - Haircap moss
Mor2c83,,,,,,,,,,,SBS dk   /01 $3a Rose - Bunchberry - Fireweed
Mor2c84,,,,,,,,,,,SBS dk   /$2 Fireweed - Bunchberry
Mor2c85,,,,,,,,,,,SBS dk   /$2 Horsetail - Bryum
Mor2c86,,,,,,,,,,,SBS dk   /$2 Horsetail - Bryum
Mor2c87,,,,,,,,,,,SBS dk   /$2 Horsetail - Bryum
Mor2c89,,,,,,,,,,,SBS dk   /07 $3aB Rose - Black twinberry - Horsetail
Mor2c92,,,,,,,,,,,SBS dk   /01-05 $3aB Rose - Linnbor - Haircap moss
Mor2d83,,,,,,,,,,,SBS dk   /01 $3a Rose - Fireweed
Mor2d84,,,,,,,,,,,SBS dk   /$2 Horsetail - Bryum
Mor2d85,,,,,,,,,,,SBS dk   /$2 Horsetail - Bryum
Mor2d86,,,,,,,,,,,SBS dk   /$2 Horsetail - Bryum
Mor2d87,,,,,,,,,,,SBS dk   /01 $3a Rose - Bunchberry - Fireweed
Mor2d89,,,,,,,,,,,SBS dk   /01 $3a Rose - Bunchberry - Fireweed
Mor2d92,,,,,,,,,,,SBS dk   /01-06 $5B At - Peavine
Mor2e83,,,,,,,,,,,SBS dk   /07 $3aB Rose - Black twinberry - Horsetail
Mor2e84,,,,,,,,,,,SBS dk   /$2 Horsetail - Bryum
Mor2e85,,,,,,,,,,,SBS dk   /$2 Horsetail - Bryum
Mor2e86,,,,,,,,,,,SBS dk   /01 $3a Rose - Bunchberry - Fireweed
Mor3a01,,,,,,,,,,,SBS dk   /07 $3aB Rose - Western fescue
Mor3a87,,,,,,,,,,,SBS dk   /07 $3aB Rose - Western fescue
Mor3a89,,,,,,,,,,,SBS dk   /07 $3aB Rose - Western fescue
Mor3a92,,,,,,,,,,,SBS dk   /07 $3aB Rose - Western fescue
Mor3b01,,,,,,,,,,,SBS dk   /07 $3aB Rose - Western fescue
Mor3b84,,,,,,,,,,,SBS dk   /$2 Fireweed - Bunchberry
Mor3b85,,,,,,,,,,,SBS dk   /$2 Fireweed - Bunchberry
Mor3b86,,,,,,,,,,,SBS dk   /$2 Fireweed - Bunchberry
Mor3b87,,,,,,,,,,,SBS dk   /$2 Fireweed - Bunchberry
Mor3b89,,,,,,,,,,,SBS dk   /$2 Fireweed - Bunchberry
Mor3b92,,,,,,,,,,,SBS dk   /$2 Fireweed - Bunchberry
Mor3c85,,,,,,,,,,,SBS dk   /$2 Fireweed - Bunchberry
Mor3d84,,,,,,,,,,,SBS dk   /$2 Fireweed - Bunchberry
Mor3d87,,,,,,,,,,,SBS dk   /07 $3aB Rose - Western fescue
Mor3d89,,,,,,,,,,,SBS dk   /07 $3aB Rose - Western fescue
Mor3e84,,,,,,,,,,,SBS dk   /01 $3a Rose - Bunchberry - Fireweed
Mor3e85,,,,,,,,,,,SBS dk   /01 $3a Rose - Bunchberry - Fireweed
Mor3e86,,,,,,,,,,,SBS dk   /01 $3a Rose - Bunchberry - Fireweed
Mor3e87,,,,,,,,,,,SBS dk   /07 $3aB Rose - Western fescue
Mor3e89,,,,,,,,,,,SBS dk   /07 $3aB Rose - Western fescue
Mor4a01,,,,,,,,,,,SBS dk   /01-05 $3aB Rose - Linnbor - Haircap moss
Mor4a83,,,,,,,,,,,SBS dk   /$2 Becknells  Geranium
Mor4a84,,,,,,,,,,,SBS dk   /$2 Becknells  Geranium
Mor4a85,,,,,,,,,,,SBS dk   /01 $3a Rose - Fireweed
Mor4a86,,,,,,,,,,,SBS dk   /01-05 $3aB Rose - Linnbor - Haircap moss
Mor4a87,,,,,,,,,,,SBS dk   /01 $3a Rose - Bunchberry - Fireweed
Mor4a89,,,,,,,,,,,SBS dk   /01-05 $3aB Rose - Linnbor - Haircap moss
Mor4a92,,,,,,,,,,,SBS dk   /01-05 $3aB Rose - Linnbor - Haircap moss
Mor4b01,,,,,,,,,,,SBS dk   /05-03 $3b Pine - Soopolallie - Kinnikinnick (early seral)
Mor4b83,,,,,,,,,,,SBS dk   /01 $3a Rose - Fireweed
Mor4b84,,,,,,,,,,,SBS dk   /01-05 $3aB Rose - Soopolallie - Bryum
Mor4b85,,,,,,,,,,,SBS dk   /01-05 $3aB Rose - Soopolallie - Bryum
Mor4b86,,,,,,,,,,,SBS dk   /01-05 $3aB Rose - Soopolallie - Bryum
Mor4b87,,,,,,,,,,,SBS dk   /01-05 $3aB Rose - Soopolallie - Bryum
Mor4b89,,,,,,,,,,,SBS dk   /01-05 $3aB Rose - Soopolallie - Bryum
Mor4c01,,,,,,,,,,,SBS dk   /01 $4 Pine - Spirea - Twinflower (seral)
Mor4c83,,,,,,,,,,,SBS dk   /$2 Becknells  Geranium
Mor4c84,,,,,,,,,,,SBS dk   /$2 Becknells  Geranium
Mor4c85,,,,,,,,,,,SBS dk   /01 $3a Rose - Fireweed
Mor4c86,,,,,,,,,,,SBS dk   /01-05 $3aB Rose - Soopolallie - Bryum
Mor4c87,,,,,,,,,,,SBS dk   /01-05 $3aB Rose - Soopolallie - Bryum
Mor4c89,,,,,,,,,,,SBS dk   /01-05 $3aB Rose - Linnbor - Haircap moss
Mor4c92,,,,,,,,,,,SBS dk   /05-03 $3b Pine - Soopolallie - Kinnikinnick (early seral)
Mor4d01,,,,,,,,,,,SBS dk   /01 $4 Pine - Spirea - Twinflower (seral)
Mor4d83,,,,,,,,,,,SBS dk   /$2 Becknells  Geranium
Mor4d84,,,,,,,,,,,SBS dk   /$2 Becknells  Geranium
Mor4d85,,,,,,,,,,,SBS dk   /01 $3a Rose - Fireweed
Mor4d86,,,,,,,,,,,SBS dk   /01 $3a Rose - Bunchberry - Fireweed
Mor4d87,,,,,,,,,,,SBS dk   /01 $3a Rose - Bunchberry - Fireweed
Mor4d89,,,,,,,,,,,SBS dk   /01-05 $3b Pine - Spirea - Fireweed (plantation)
Mor4d92,,,,,,,,,,,SBS dk   /01 $4 Pine - Spirea - Twinflower (seral)
Mor4e83,,,,,,,,,,,SBS dk   /$2 Becknells  Geranium
Mor4e84,,,,,,,,,,,SBS dk   /$2 Becknells  Geranium
Mor4e85,,,,,,,,,,,SBS dk   /$2 Becknells  Geranium
Mor4e86,,,,,,,,,,,SBS dk   /01 $3a Rose - Bunchberry - Fireweed
Mor4e87,,,,,,,,,,,SBS dk   /01 $3a Rose - Fireweed
Mor4e89,,,,,,,,,,,SBS dk   /01-05 $3b Pine - Spirea - Fireweed (plantation)
Mor4e92,,,,,,,,,,,SBS dk   /01 $4 Pine - Spirea - Twinflower (seral)
Mor5a03,,,,,,,,,,,SBS dk   /06-05 $3aB Thimbleberry - Peavine
Mor5a83,,,,,,,,,,,SBS dk   /01-05-07 $3aB Thimbleberry - Fireweed
Mor5a84,,,,,,,,,,,SBS dk   /01-05-07 $3aB Thimbleberry - Fireweed
Mor5a85,,,,,,,,,,,SBS dk   /01-05-07 $3aB Thimbleberry - Fireweed
Mor5a86,,,,,,,,,,,SBS dk   /01-05-07 $3aB Thimbleberry - Fireweed
Mor5a87,,,,,,,,,,,SBS dk   /06-05 $3aB Thimbleberry - Showy aster
Mor5a89,,,,,,,,,,,SBS dk   /06-05 $3aB Thimbleberry - Showy aster
Mor5a92,,,,,,,,,,,SBS dk   /06-05 $3aB Thimbleberry - Showy aster
Mor5b03,,,,,,,,,,,SBS dk   /06-05 $3aB Thimbleberry - Peavine
Mor5b83,,,,,,,,,,,SBS dk   /01-05-07 $3aB Thimbleberry - Fireweed
Mor5b84,,,,,,,,,,,SBS dk   /01-05-07 $3aB Thimbleberry - Fireweed
Mor5b85,,,,,,,,,,,SBS dk   /01-05-07 $3aB Thimbleberry - Fireweed
Mor5b86,,,,,,,,,,,SBS dk   /01-05-07 $3aB Thimbleberry - Fireweed
Mor5b87,,,,,,,,,,,SBS dk   /06-05 $3aB Thimbleberry - Showy aster
Mor5b89,,,,,,,,,,,SBS dk   /06-05 $3aB Thimbleberry - Showy aster
Mor5b92,,,,,,,,,,,SBS dk   /06-05 $3aB Thimbleberry - Showy aster
Mor5c03,,,,,,,,,,,SBS dk   /06-05 $3aB Thimbleberry - Peavine
Mor5c83,,,,,,,,,,,SBS dk   /01-05-07 $3aB Thimbleberry - Fireweed
Mor5c84,,,,,,,,,,,SBS dk   /01-05-07 $3aB Thimbleberry - Fireweed
Mor5c85,,,,,,,,,,,SBS dk   /01-05-07 $3aB Thimbleberry - Fireweed
Mor5c86,,,,,,,,,,,SBS dk   /01-05-07 $3aB Thimbleberry - Fireweed
Mor5c87,,,,,,,,,,,SBS dk   /01-05-07 $3aB Thimbleberry - Fireweed
Mor5c89,,,,,,,,,,,SBS dk   /06-05 $3aB Thimbleberry - Showy aster
Mor5c92,,,,,,,,,,,SBS dk   /01-05-07 $3aB Thimbleberry - Fireweed
Mor5d03,,,,,,,,,,,SBS dk   /06-05 $3aB Thimbleberry - Peavine
Mor5d83,,,,,,,,,,,SBS dk   /06-05 $3aB Thimbleberry - Showy aster
Mor5d84,,,,,,,,,,,SBS dk   /01-05-07 $3aB Thimbleberry - Fireweed
Mor5d85,,,,,,,,,,,SBS dk   /06-05 $3aB Thimbleberry - Showy aster
Mor5d86,,,,,,,,,,,SBS dk   /06-05 $3aB Thimbleberry - Showy aster
Mor5d87,,,,,,,,,,,SBS dk   /06-05 $3aB Thimbleberry - Showy aster
Mor5d89,,,,,,,,,,,SBS dk   /06-05 $3aB Thimbleberry - Showy aster
Mor5d92,,,,,,,,,,,SBS dk   /06-05 $3aB Thimbleberry - Showy aster
Mor5e03,,,,,,,,,,,SBS dk   /01-06 $3bB Aspen -Thimbleberry - Showy aster (shrub)
Mor5e83,,,,,,,,,,,SBS dk   /01-05-07 $3aB Thimbleberry - Fireweed
Mor5e84,,,,,,,,,,,SBS dk   /01-05-07 $3aB Thimbleberry - Fireweed
Mor5e85,,,,,,,,,,,SBS dk   /01-06 $3bB Aspen -Thimbleberry - Showy aster (shrub)
Mor5e86,,,,,,,,,,,SBS dk   /01-06 $3bB Aspen -Thimbleberry - Showy aster (shrub)
Mor5e87,,,,,,,,,,,SBS dk   /01-06 $3bB Aspen -Thimbleberry - Showy aster (shrub)
Mor5e89,,,,,,,,,,,SBS dk   /01-06 $3bB Aspen -Thimbleberry - Showy aster (shrub)
Mor5e92,,,,,,,,,,,SBS dk   /01-06 $3bB Aspen -Thimbleberry - Showy aster (shrub)
Mor6a83,,,,,,,,,,,SBS dk   /01 $3a Spirea - Highbush Cranberry - Bunchberry
mor6a84,,,,,,,,,,,SBS dk   /07 $3aB Rose - Western fescue
Mor6a85,,,,,,,,,,,SBS dk   /01 $3a Spirea - Rose - Bluejoint
Mor6a86,,,,,,,,,,,SBS dk   /01 $3a Spirea - Rose - Bluejoint
Mor6a87,,,,,,,,,,,SBS dk   /01 $3a Spirea - Rose - Bluejoint
Mor6a89,,,,,,,,,,,SBS dk   /01 $3a Spirea - Rose - Bluejoint
Mor6b83,,,,,,,,,,,SBS dk   /01 $3a Spirea - Highbush Cranberry - Bunchberry
Mor6b84,,,,,,,,,,,SBS dk   /07 $3aB Rose - Western fescue
Mor6b85,,,,,,,,,,,SBS dk   /01 $3a Spirea - Highbush Cranberry - Bunchberry
Mor6b86,,,,,,,,,,,SBS dk   /01 $3a Spirea - Rose - Bluejoint
Mor6b87,,,,,,,,,,,SBS dk   /01 $3a Spirea - Rose - Bluejoint
Mor6b89,,,,,,,,,,,SBS dk   /01 $3 Pine - Spirea - Bluejoint (young)
Mor6b92,,,,,,,,,,,SBS dk   /01 $4 Pine - Spirea - Twinflower (seral)
Mor6c83,,,,,,,,,,,SBS dk   /01 $3a Spirea - Highbush Cranberry - Bunchberry
Mor6c84,,,,,,,,,,,SBS dk   /07 $3aB Rose - Western fescue
Mor6c85,,,,,,,,,,,SBS dk   /07 $3aB Rose - Western fescue
Mor6c86,,,,,,,,,,,SBS dk   /01 $3a Spirea - Rose - Bluejoint
Mor6c87,,,,,,,,,,,SBS dk   /01 $3a Spirea - Rose - Bluejoint
Mor6c89,,,,,,,,,,,SBS dk   /01 $3a Spirea - Highbush Cranberry - Bunchberry
Mor6d83,,,,,,,,,,,SBS dk   /$2 Becknells  Geranium
Mor6d84,,,,,,,,,,,SBS dk   /01 $3a Spirea - Highbush Cranberry - Bunchberry
Mor6d85,,,,,,,,,,,SBS dk   /01 $3a Spirea - Highbush Cranberry - Bunchberry
Mor6d86,,,,,,,,,,,SBS dk   /01 $3a Spirea - Highbush Cranberry - Bunchberry
Mor6d87,,,,,,,,,,,SBS dk   /01 $3a Spirea - Highbush Cranberry - Bunchberry
Mor6d89,,,,,,,,,,,SBS dk   /01 $3a Spirea - Highbush Cranberry - Bunchberry
Mor6d92,,,,,,,,,,,SBS dk   /01 $3a Spirea - Highbush Cranberry - Bunchberry
Mor6e83,,,,,,,,,,,SBS dk   /$2 Becknells  Geranium
Mor6e84,,,,,,,,,,,SBS dk   /01 $3a Spirea - Highbush Cranberry - Bunchberry
Mor6e85,,,,,,,,,,,SBS dk   /07 $3aB Rose - Western fescue
Mor6e86,,,,,,,,,,,SBS dk   /01 $3a Spirea - Highbush Cranberry - Bunchberry
Mor6e87,,,,,,,,,,,SBS dk   /01 $3a Spirea - Highbush Cranberry - Bunchberry
Mor6e89,,,,,,,,,,,SBS dk   /01 $3a Spirea - Highbush Cranberry - Bunchberry
Mor7b83,,,,,,,,,,,SBS dk   /01 $5 Pl - Rose - Feathermoss (young climax)
Mor7d01,,,,,,,,,,,SBS dk   /01 $3a Spirea - Highbush Cranberry - Bunchberry
Mor7d03,,,,,,,,,,,SBS dk   /01 $3a Spirea - Highbush Cranberry - Bunchberry
Mor7e01,,,,,,,,,,,SBS dk   /01 $3a Spirea - Highbush Cranberry - Bunchberry
Mor7e03,,,,,,,,,,,SBS dk   /01 $3a Spirea - Highbush Cranberry - Bunchberry
Mor7e85,,,,,,,,,,,SBS dk   /01 $3a Spirea - Highbush Cranberry - Bunchberry
Mor7e86,,,,,,,,,,,SBS dk   /01 $3a Spirea - Highbush Cranberry - Bunchberry
Mor7e87,,,,,,,,,,,SBS dk   /01 $3a Spirea - Highbush Cranberry - Bunchberry
Mor7e89,,,,,,,,,,,SBS dk   /01 $3a Spirea - Highbush Cranberry - Bunchberry
Mor7e92,,,,,,,,,,,SBS dk   /01 $3a Spirea - Highbush Cranberry - Bunchberry
Mor8a83,,,,,,,,,,,SBS dk   /01$3a Spirea - Rose - Peavine
Mor8a84,,,,,,,,,,,SBS dk   /01$3a Spirea - Rose - Peavine
Mor8a85,,,,,,,,,,,SBS dk   /01$3a Spirea - Rose - Peavine
Mor8a86,,,,,,,,,,,SBS dk   /01 $3a Spirea - Rose - Bluejoint
Mor8a87,,,,,,,,,,,SBS dk   /01 $3a Spirea - Rose - Bluejoint
Mor8a89,,,,,,,,,,,SBS dk   /01 $3 Pine - Spirea - Bluejoint (young)
Mor8a92,,,,,,,,,,,SBS dk   /01 $4 Pine - Spirea - Twinflower (seral)
Mor8b83,,,,,,,,,,,SBS dk   /01$3a Spirea - Rose - Peavine
Mor8b84,,,,,,,,,,,SBS dk   /01$3a Spirea - Rose - Peavine
Mor8b85,,,,,,,,,,,SBS dk   /01$3a Spirea - Rose - Peavine
Mor8b86,,,,,,,,,,,SBS dk   /01 $3a Spirea - Rose - Bluejoint
Mor8b87,,,,,,,,,,,SBS dk   /01$3a Spirea - Rose - Peavine
Mor8b89,,,,,,,,,,,SBS dk   /07 $3aB Rose - Western fescue
Mor8b92,,,,,,,,,,,SBS dk   /01 $3a Spirea - Highbush Cranberry - Bunchberry
Mor8c83,,,,,,,,,,,SBS dk   /01 $3a Spirea - Rose - Bluejoint
Mor8c84,,,,,,,,,,,SBS dk   /01 $3a Spirea - Rose - Bluejoint
Mor8c85,,,,,,,,,,,SBS dk   /01$3a Spirea - Rose - Peavine
Mor8c86,,,,,,,,,,,SBS dk   /01 $3a Spirea - Rose - Bluejoint
Mor8c87,,,,,,,,,,,SBS dk   /01 $3a Spirea - Rose - Bluejoint
Mor8c89,,,,,,,,,,,SBS dk   /01 $3a Spirea - Rose - Bluejoint
Mor8c92,,,,,,,,,,,SBS dk   /01 $3a Spirea - Rose - Bluejoint
Mor8d83,,,,,,,,,,,SBS dk   /01$3a Spirea - Rose - Peavine
Mor8d84,,,,,,,,,,,SBS dk   /01$3a Spirea - Rose - Peavine
Mor8d85,,,,,,,,,,,SBS dk   /01 $3a Spirea - Rose - Bluejoint
Mor8d86,,,,,,,,,,,SBS dk   /01 $3a Spirea - Rose - Bluejoint
Mor8d87,,,,,,,,,,,SBS dk   /01 $3a Spirea - Rose - Bluejoint
Mor8d89,,,,,,,,,,,SBS dk   /01 $3 Pine - Spirea - Bluejoint (young)
Mor8e83,,,,,,,,,,,SBS dk   /01$3a Spirea - Rose - Peavine
Mor8e84,,,,,,,,,,,SBS dk   /01$3a Spirea - Rose - Peavine
Mor8e85,,,,,,,,,,,SBS dk   /01 $3a Spirea - Rose - Bluejoint
Mor8e86,,,,,,,,,,,SBS dk   /01 $3 Pine - Spirea - Bluejoint (young)
Mor8e87,,,,,,,,,,,SBS dk   /01 $3 Pine - Spirea - Bluejoint (young)
Mor8e89,,,,,,,,,,,SBS dk   /01 $3 Pine - Spirea - Bluejoint (young)
Mor8e92,,,,,,,,,,,SBS dk   /01-05 $3b Pine - Spirea - Fireweed (plantation)
Mor9a01,,,,,,,,,,,SBS dk   /10 $3bB Mountain Alder - Horsetail - Bluejoint
Mor9a03,,,,,,,,,,,SBS dk   /10 $3bB Mountain Alder - Horsetail - Bluejoint
Mor9a84,,,,,,,,,,,SBS dk   /07 $3aB Rose - Black twinberry - Horsetail
Mor9a85,,,,,,,,,,,SBS dk   /07 $3aB Rose - Black twinberry - Horsetail
Mor9a86,,,,,,,,,,,SBS dk   /07 $3aB Rose - Black twinberry - Horsetail
Mor9a87,,,,,,,,,,,SBS dk   /07 $3aB Rose - Black twinberry - Horsetail
Mor9a89,,,,,,,,,,,SBS dk   /07 $3aB Rose - Black twinberry - Horsetail
Mor9a92,,,,,,,,,,,SBS dk   /10 $3bB Mountain alder - Horsetail
Mor9b01,,,,,,,,,,,SBS dk   /10 $3bB Mountain Alder - Horsetail - Bluejoint
Mor9b03,,,,,,,,,,,SBS dk   /10 $3bB Mountain alder - Horsetail
Mor9b84,,,,,,,,,,,SBS dk   /10 $3bB Mountain alder - Horsetail
Mor9b85,,,,,,,,,,,SBS dk   /07 $3aB Rose - Black twinberry - Horsetail
Mor9b86,,,,,,,,,,,SBS dk   /07 $3aB Rose - Black twinberry - Horsetail
Mor9b87,,,,,,,,,,,SBS dk   /10 $3bB Mountain alder - Horsetail
Mor9b89,,,,,,,,,,,SBS dk   /10 $3bB Mountain alder - Horsetail
Mor9b92,,,,,,,,,,,SBS dk   /10 $3bB Mountain alder - Horsetail
Mor9c01,,,,,,,,,,,SBS dk   /10 $3bB Mountain Alder - Horsetail - Bluejoint
Mor9c03,,,,,,,,,,,SBS dk   /10 $3bB Mountain Alder - Horsetail - Bluejoint
Mor9c84,,,,,,,,,,,SBS dk   /07 $3aB Rose - Black twinberry - Horsetail
Mor9c85,,,,,,,,,,,SBS dk   /10 $3bB Mountain alder - Horsetail
Mor9c86,,,,,,,,,,,SBS dk   /10 $3bB Mountain alder - Horsetail
Mor9c87,,,,,,,,,,,SBS dk   /10 $3bB Mountain alder - Horsetail
Mor9c89,,,,,,,,,,,SBS dk   /10 $3bB Mountain alder - Horsetail
Mor9c92,,,,,,,,,,,SBS dk   /10 $3bB Mountain alder - Horsetail
Mor9d01,,,,,,,,,,,SBS dk   /10 $3bB Mountain Alder - Horsetail - Bluejoint
Mor9d03,,,,,,,,,,,SBS dk   /10 $3bB Mountain Alder - Horsetail - Bluejoint
Mor9d83,,,,,,,,,,,SBS dk   /10 $3bB Mountain Alder - Horsetail - Bluejoint
Mor9d84,,,,,,,,,,,SBS dk   /07 $3aB Rose - Black twinberry - Horsetail
Mor9d85,,,,,,,,,,,SBS dk   /07 $3aB Rose - Black twinberry - Horsetail
Mor9d86,,,,,,,,,,,SBS dk   /07 $3aB Rose - Black twinberry - Horsetail
Mor9d87,,,,,,,,,,,SBS dk   /07 $3aB Rose - Black twinberry - Horsetail
Mor9d89,,,,,,,,,,,SBS dk   /10 $3bB Mountain alder - Horsetail
Mor9d92,,,,,,,,,,,SBS dk   /10 $3bB Mountain Alder - Horsetail - Bluejoint
Mor9e01,,,,,,,,,,,SBS dk   /10 $3bB Mountain alder - Horsetail
Mor9e03,,,,,,,,,,,SBS dk   /10 $3bB Mountain alder - Horsetail
Mor9e83,,,,,,,,,,,SBS dk   /07 $3aB Rose - Black twinberry - Horsetail
Mor9e84,,,,,,,,,,,SBS dk   /07 $3aB Rose - Black twinberry - Horsetail
Mor9e85,,,,,,,,,,,SBS dk   /07 $3aB Rose - Black twinberry - Horsetail
Mor9e86,,,,,,,,,,,SBS dk   /07 $3aB Rose - Black twinberry - Horsetail
Mor9e87,,,,,,,,,,,SBS dk   /07 $3aB Rose - Black twinberry - Horsetail
Mor9e89,,,,,,,,,,,SBS dk   /10 $3bB Mountain Alder - Horsetail - Bluejoint
Mor9e92,,,,,,,,,,,SBS dk   /10 $3bB Mountain Alder - Horsetail - Bluejoint
SGRAS05,,,,,,,,,,,SBS dk   /05-01 $6B At - Snowberry - Peavine
VRI717,,,,,,,,,,,SBS dk   /06
VRI832,,,,,,,,,,,SBS dk   /01
VRI840,,,,,,,,,,,SBS dk   /05
VTF13,,,,,,,,,,,SBS dk   /01
VTF16,,,,,,,,,,,SBS dk   /01
VTF17,,,,,,,,,,,SBS dk   /01
VTF18,,,,,,,,,,,SBS dk   /01
VTF21,,,,,,,,,,,SBS dk   /06 $5M ActSx - Highbush cranberry - Thimbleberry
VTF26,,,,,,,,,,,SBS dk   /01
VTF28,,,,,,,,,,,SBS dk   /06
VTF30,,,,,,,,,,,SBS dk   /06
Wal1a03,,,,,,,,,,,SBS dk   /01 $4 Pine - Spirea - Twinflower (seral)
Wal1b92,,,,,,,,,,,SBS dk   /01 $3a Rose - Bunchberry - Fireweed
Wal1c03,,,,,,,,,,,SBS dk   /01 $4 Pine - Spirea - Twinflower (seral)
Wal1d03,,,,,,,,,,,SBS dk   /01 $4 Pine - Spirea - Twinflower (seral)
Wal1d92,,,,,,,,,,,SBS dk   /01-05 $3aB Rose - Linnbor - Haircap moss
Wal1e03,,,,,,,,,,,SBS dk   /01 $4 Pine - Spirea - Twinflower (seral)
Wal2d83,,,,,,,,,,,SBS dk   /$2 Becknells  Geranium
