,Species,SMR_Ind,Exceptions
1,ABIEABI,TD3,
2,ABIEAMA,M,F
3,ABIEBAL,X,
4,ABIEGRA,X,
5,ABIELAS,X,
6,ABIES,X,
7,ACARFUS,TD2,
8,ACARGLA,TD4,
9,ACAROSO,TD0,
10,ACAROSP,TD1,
11,ACARSCH,TD0,
12,ACER,TD3,
13,ACERCIR,X,
14,ACERGLA,TD4,
15,ACERMAC,X,
16,ACERNEG,F,
17,ACHIALI,W,
18,ACHILLE,TD2,
19,ACHIMIL,TD3,
20,ACHLTRI,X,
21,ACHNLEM,TD2,
22,ACHNNEL,TD2,
23,ACHNOCC,TD2,
24,ACHNRIC,TD3,
25,ACMIAME,,
26,ACMIDEN,TD1,
27,ACMIMIC,TD3,
28,ACONCOL,M,
29,ACONDEL,,
30,ACONITU,,
31,ACTAEA,X,
32,ACTARUB,X,
33,ADENBIC,X,
34,ADENOCA,TD4,
35,ADIAALE,M,
36,ADIACAP,F,
37,ADIANTU,X,
38,ADOXMOS,X,
39,AGASURT,TD3,
40,AGOSAUR,,
41,AGOSERI,TD3,
42,AGOSGLA,TD3,
43,AGOSGRA,TD2,
44,AGOSHET,TD0,
45,AGOSLAC,,
46,AGRIGRY,M,
47,AGRISTR,W,
48,AGROCAP,X,
49,AGROCRI,TD2,
50,AGROEXA,W,
51,AGROFRA,TD4,
52,AGROGIG,X,
53,AGROIDA,X,
54,AGROMER,TD3,
55,AGROORE,,
56,AGROPAL,,
57,AGROPYR,X,
58,AGROSCA,X,
59,AGROSTI,X,
60,AGROSTO,X,
61,AGROVAR,,
62,AHTISPH,F,
63,AIRACAR,TD2,
64,AIRAPRA,TD2,
65,ALECOCH,,
66,ALECSAR,X,
67,ALECTOR,,
3408,ALISMAT,,
68,ALISTRI,W,
69,ALLAALP,,
70,ALLIACU,TD0,
71,ALLICER,TD2,
72,ALLICRE,,
73,ALLISCH,,
74,ALLIUM,TD2,
75,ALLOTRO,F,
76,ALLOVIR,X,
77,ALNUINC,X,
78,ALNURUB,X,
79,ALNUS,X,
80,ALNUVIR,X,
81,ALOPAEQ,W,
82,ALOPCAR,F,
83,ALOPECU,X,
84,ALOPGEN,W,
85,ALOPPRA,X,
86,ALYSALY,TD0,
87,ALYSDES,TD1,
88,AMBLSER,X,
89,AMBLYSE,X,
90,AMBLYST,W,
91,AMBRCHA,TD4,
92,AMELALN,TD3,
93,AMELANC,TD4,
94,AMELCUS,TD4,
95,AMMANNI,W,
96,AMMOARE,TD4,
97,AMPHLAP,,
98,AMPHNEV,X,
99,AMSIINT,TD1,
100,AMSILYC,TD2,
101,AMSINCK,TD0,
102,ANACMEN,TD0,
103,ANAPHAL,X,
104,ANAPMAR,X,
105,ANASTRO,,
106,ANDRBLY,F,
107,ANDRCHA,,
108,ANDREAE,X,
109,ANDRMEG,TD0,
110,ANDRNIV,,
111,ANDROME,M,
112,ANDRPOL,W,
113,ANDRRUP,TD3,
114,ANDRSEP,TD2,
115,ANEMCYL,TD3,
116,ANEMDRU,,
117,ANEMLYA,X,
118,ANEMMUL,TD3,
119,ANEMNAR,,
120,ANEMONE,X,
121,ANEMPAR,,
122,ANEORIC,W,
123,ANEOSIB,,
124,ANEUPIN,W,
125,ANGEARG,M,
126,ANGEDAW,X,
127,ANGEGEN,W,
128,ANGELIC,X,
129,ANGELUC,W,
130,ANISMAD,X,
131,ANOMFIL,W,
132,ANTEANA,TD2,
133,ANTEDEN,,
134,ANTEDIM,TD0,
135,ANTEHOW,TD3,
136,ANTELAN,,
137,ANTELUZ,TD2,
138,ANTEMED,,
139,ANTEMIC,TD2,
140,ANTEMON,,
141,ANTENEG,TD3,
142,ANTENNA,TD2,
143,ANTEPAR,TD2,
144,ANTEPUL,X,
145,ANTERAC,TD3,
146,ANTEROS,TD2,
147,ANTEUMB,TD2,
148,ANTHELI,,
149,ANTHHIR,W,
150,ANTHJUL,,
151,ANTHJUR,,
152,ANTHMON,,
153,ANTHODO,TD2,
154,ANTICAL,TD0,
155,ANTICUR,M,
156,ANTIELE,TD4,
157,ANTIOCC,X,
158,ANTITRI,M,
159,AONGLON,M,
160,APERINT,TD2,
161,APHRESC,,
162,APIACEA,X,
163,APOCAND,TD2,
164,APOCCAN,TD3,
165,APOCYNU,TD2,
166,APOMPUB,F,
167,AQUIBRE,X,
168,AQUIFLA,F,
169,AQUIFOR,X,
170,AQUILEG,X,
171,ARABHOL,TD1,
172,ARABIDO,W,
173,ARABIS,TD2,
174,ARABLYT,,
175,ARABNUT,X,
176,ARABTHA,,
177,ARALIA,TD4,
178,ARALNUD,X,
179,ARBUMEN,TD2,
180,ARCEAME,,
181,ARCTAGR,,
182,ARCTALI,X,
183,ARCTARC,M,
184,ARCTCEN,M,
185,ARCTCOL,TD2,
186,ARCTCOO,,
187,ARCTEMI,W,
188,ARCTIUM,F,
189,ARCTLAP,X,
190,ARCTLAT,,
191,ARCTMIN,TD4,
192,ARCTOMI,,
193,ARCTOST,X,
194,ARCTRBR,X,
195,ARCTSUB,,
196,ARCTUVA,TD3,TD2
197,ARENARI,X,
198,ARENLON,,
199,ARENSER,TD1,
200,ARISPUR,TD0,
201,ARISTID,TD2,
202,ARMEMAR,TD4,
203,ARMORUS,M,
204,ARNIANG,,
205,ARNICA,X,
206,ARNICHA,X,
207,ARNICOR,X,
208,ARNIFUL,TD1,
209,ARNIGRA,TD4,
210,ARNIGRI,,
211,ARNILAN,X,
212,ARNILAT,,F
213,ARNILES,,
214,ARNILON,W,
215,ARNIMOL,,
216,ARNIOVA,,
217,ARNIPAR,,
218,ARNIRYD,,
219,ARNISOR,TD3,
220,ARTEABS,,
221,ARTEBOR,TD3,
222,ARTECAM,TD1,
223,ARTEDRA,TD1,
224,ARTEFRI,TD0,
225,ARTEFUR,TD3,
226,ARTELIN,,
227,ARTELUD,TD1,
228,ARTEMIC,TD1,
229,ARTEMIS,X,
230,ARTENOR,,
231,ARTESUK,M,
232,ARTETIL,X,
233,ARTETRI,TD0,
234,ARTETRP,TD1,
235,ARTHCIT,,
236,ARTHGLE,TD2,
237,ARTHROR,TD1,
238,ARUNCUS,M,
3409,ARUNDIO1,M,
239,ASARCAU,X,
240,ASCLSPE,TD0,
241,ASPAOFF,TD2,
242,ASPICAE,TD3,
243,ASPICIN,,
244,ASPIDEN,TD4,
245,ASPIREP,TD2,
246,ASPLENI,F,
247,ASPLTRI,X,
248,ASPLVIR,X,
249,ASTEALP,X,
250,ASTER,X,
251,ASTERAC,X,
252,ASTRAGA,TD2,
253,ASTRAGR,TD2,
254,ASTRALP,,
255,ASTRAME,X,
256,ASTRAUS,TD4,
257,ASTRBEC,TD0,
258,ASTRBOU,,
259,ASTRCAN,X,
260,ASTRCIC,,
261,ASTRCOL,TD1,
262,ASTREUC,X,
263,ASTRFIL,TD0,
264,ASTRLAX,,
265,ASTRLEN,TD0,
266,ASTRLOT,TD0,
267,ASTRMIC,TD4,
268,ASTRMIS,TD2,
269,ASTRPUR,TD0,
270,ASTRROB,,
271,ASTRSCL,TD0,
272,ASTRTEN,TD0,
273,ASTRUMB,,
274,ASTRVEX,,
275,ATHYALP,,
276,ATHYFIL,M,
277,ATHYPUS,TD3,
278,ATHYRIU,W,
279,ATRICHU,X,
280,ATRIPAT,X,
281,ATRIPLE,TD0,
282,ATRISEL,X,
283,ATRITEN,X,
284,ATRITRU,W,
285,ATRIUND,X,
286,AULAACU,W,
287,AULAAND,TD3,
288,AULACOM,X,
289,AULACON,,
290,AULAPAL,W,M
291,AULATUR,,
292,AVENFAT,TD3,
293,BACIDIA,TD3,
294,BAEORUF,X,
295,BALSAMI,TD3,
296,BALSSAG,TD1,
297,BARBARE,F,
298,BARBBAR,X,
299,BARBCON,TD3,
300,BARBHAT,TD4,
301,BARBILO,X,
302,BARBLYC,X,
303,BARBORT,,
304,BARBULA,X,
305,BARBVUL,M,
306,BARTITH,,
307,BARTLES,F,
308,BARTPOM,X,
309,BARTRAM,F,
310,BASSSCO,TD0,
311,BAZZAMB,M,
312,BAZZANI,,
313,BAZZDEN,M,
314,BAZZPEA,X,
315,BAZZTRI,M,
316,BAZZTRL,W,
317,BECKSYZ,W,
318,BELLPER,TD3,
319,BERBAQU,TD3,
320,BERBERI,TD3,
321,BERBNER,TD4,
322,BERBREP,TD4,
323,BERTINC,TD2,
324,BETUALL,TD4,
325,BETUGLA,M,X
326,BETULA,X,
327,BETULX,X,
328,BETUNEO,X,
329,BETUOCC,X,
330,BETUPAP,X,
331,BETUPEN,M,
332,BETUPUB,M,
333,BETUPUM,W,
334,BIDECER,W,
335,BISTBIS,,
336,BISTORT,,
337,BISTVIV,,F
338,BLECHNU,F,
339,BLECSPI,M,
340,BLEPARA,F,
341,BLEPHAR,M,
342,BLEPTRI,M,
343,BOECCAL,,
344,BOECDIV,TD3,
345,BOECDRE,,
346,BOECHER,TD4,
347,BOECLEM,,
348,BOECLYA,,
349,BOECMIC,TD4,
350,BOECPEN,TD1,
351,BOECRET,TD0,
352,BOECSPA,TD1,
353,BOECSTR,TD3,
354,BOLBMAR,X,
355,BORAGIN,TD0,
356,BORAGO,TD2,
357,BOSCHNI,,
358,BOSCROS,,
359,BOTRASC,,
360,BOTRHES,TD4,
361,BOTRLAN,X,
362,BOTRLUN,X,
363,BOTRMIN,M,
364,BOTRPIN,,
365,BOTRVIG,X,
366,BOTRYCH,,
367,BOUTGRA,TD3,
368,BOYKINI,F,
369,BOYKOCC,W,
370,BRACACT,TD4,
371,BRACALB,TD3,
372,BRACCAL,F,
373,BRACCAM,X,
374,BRACCOL,TD3,
375,BRACERY,X,
376,BRACFRI,X,
377,BRACGRO,M,
378,BRACHOL,X,
379,BRACHYD,X,
380,BRACHYH,X,
381,BRACHYL,X,
382,BRACHYT,X,
383,BRACLEI,X,
384,BRACNEL,M,
385,BRACOED,X,
386,BRACOXY,F,
387,BRACPLU,X,
388,BRACPOP,TD3,
389,BRACREF,M,
390,BRACRIV,M,
391,BRACRUT,X,
392,BRACSAL,X,
393,BRACSTA,F,
394,BRACTUR,,
395,BRACVEL,X,
396,BRASENI,TD3,
397,BRASSCH,,
398,BRASSIA,X,
399,BRASSIC,X,
400,BRODCOR,,
401,BRODIAE,TD2,
402,BROMBRI,TD0,
403,BROMCAR,TD4,
404,BROMCIL,X,
405,BROMCOM,TD1,
406,BROMHOR,TD2,
407,BROMINE,TD4,
408,BROMJAP,TD1,
409,BROMPAC,X,
410,BROMPOR,,
411,BROMPUM,TD4,
412,BROMRAC,TD3,
413,BROMSIT,X,
414,BROMSQU,TD2,
415,BROMSTE,TD2,
416,BROMTEC,TD0,
417,BROMUS,X,
418,BROMVUL,X,
419,BROTROE,,
420,BRYACEA,,
421,BRYOCAP,F,
422,BRYOCAU,,
423,BRYOCHA,,
424,BRYODIV,,
425,BRYOFRE,X,
426,BRYOFUS,,
427,BRYOGLA,TD4,
428,BRYOLAN,F,
429,BRYONIT,TD4,
430,BRYONOA,,
431,BRYOREC,TD3,
432,BRYORIA,X,
433,BRYUALG,,
434,BRYUALP,,
435,BRYUARC,,
436,BRYUARG,TD2,
437,BRYUCAE,TD2,
438,BRYUCAL,W,
439,BRYUCAP,X,
440,BRYUM,X,
441,BRYUMIN,,
442,BRYUMUE,TD2,
443,BRYUPAL,,
444,BRYUPSE,W,
445,BRYUSCH,,
446,BRYUULI,W,
447,BRYUWEI,W,
448,BUCKUND,M,
449,BUELELE,,
450,BUELLIA,TD3,
451,BUELPAP,TD1,
452,BUGLARV,TD0,
453,BUXBAPH,TD2,
454,BUXBAUM,TD2,
455,BUXBPIP,X,
456,BUXBVIR,TD4,
457,CACANAR,TD2,
3410,CAKIEDE1,TD4,
3411,CAKIMAR1,TD4,
458,CALACAN,X,
459,CALALAP,,
460,CALALON,,
461,CALAMAG,X,
462,CALAMON,TD3,
463,CALANUT,M,X
464,CALAPUR,TD3,TD2
465,CALARUB,TD3,
466,CALASES,,
467,CALASTR,X,
468,CALIABI,TD2,
469,CALIVIR,TD4,
470,CALLA,TD4,
471,CALLCOR,W,
472,CALLCUS,W,
473,CALLGIG,W,VW
474,CALLHER,,
475,CALLHET,W,
476,CALLICL,W,
477,CALLIEG,W,
478,CALLITR,,
479,CALLPAL,W,VW
480,CALLPAU,,
481,CALLRIC,W,
482,CALLSTA,W,
483,CALLSTR,W,
484,CALOAPI,TD3,
485,CALOCHO,TD2,
486,CALODEC,TD1,
487,CALOMAC,TD1,
488,CALOPLA,TD0,
489,CALTHA,W,
490,CALTLEP,W,
491,CALTPAL,X,
492,CALYAZU,M,
493,CALYBUL,X,
494,CALYINT,M,
495,CALYMUE,,
496,CALYNEE,X,
497,CALYPOG,M,
498,CALYPSO,W,
499,CALYPTR,M,
500,CALYSEP,TD4,
501,CALYSPH,W,
502,CALYSUE,M,
503,CAMALEI,TD2,
504,CAMAQUA,TD2,
505,CAMASSI,TD2,
506,CAMELIN,TD0,
507,CAMEMIC,TD0,
508,CAMESAT,TD0,
509,CAMPANU,X,
510,CAMPATR,W,
511,CAMPAUR,,
512,CAMPCHY,X,
513,CAMPFLE,M,
514,CAMPFRA,F,
515,CAMPHAE,X,
516,CAMPHIP,X,
517,CAMPLAS,,
518,CAMPPER,TD4,
519,CAMPPRO,,
520,CAMPRAD,W,
521,CAMPROT,TD3,
522,CAMPSCO,TD4,
523,CAMPSTE,W,
524,CAMPUNI,,
525,CAMPYLI,X,
526,CAMPYLO,M,
527,CANAMOD,X,
528,CANDAUR,TD3,
529,CANDELR,X,
530,CANDTER,TD0,
531,CANDVIT,TD2,
532,CAPRIFO,TD4,
533,CAPSBUR,TD3,
534,CARDAMI,W,
535,CARDANG,W,
536,CARDARI,,
537,CARDBEL,,
538,CARDBRE,F,
539,CARDCOR,W,
540,CARDNUT,X,
541,CARDOCC,W,
542,CARDOLI,M,
543,CARDPAR,TD3,
544,CARDPEN,W,
545,CARDPRA,W,
546,CARDUMB,M,
547,CARDUUS,X,
548,CAREALB,,
549,CAREAMP,W,
550,CAREANT,W,
551,CAREAPE,M,
552,CAREAQU,W,
553,CAREARC,M,
554,CAREATA,,
555,CAREATH,W,
556,CAREATO,F,
557,CAREATR,,
558,CAREAUR,X,
559,CAREBEB,X,
560,CAREBIC,,
561,CAREBIG,M,
562,CAREBOL,W,
563,CAREBRU,W,
564,CAREBRV,F,
565,CAREBUX,W,
566,CARECAI,,
567,CARECAN,W,
568,CARECAP,,
569,CARECHO,W,VW
570,CARECIR,W,
571,CARECOC,TD3,
572,CARECOI,X,
573,CARECOM,TD2,
574,CARECRA,,
575,CARECRW,F,
576,CARECUS,W,
577,CAREDEF,,
578,CAREDEW,X,
579,CAREDIA,W,VW
580,CAREDIS,W,
581,CAREDOU,X,
582,CAREDUR,X,
583,CAREEBU,X,
584,CAREECH,W,
585,CAREENA,,
586,CAREENG,W,
587,CAREEXS,W,VW
588,CAREFET,W,
3412,CAREFIL1,TD1,
589,CAREFLA,W,
590,CAREFOE,X,
591,CAREFUL,,
592,CAREGAR,W,
593,CAREGEY,,
594,CAREGLA,,
595,CAREGYN,W,
596,CAREHAY,X,
597,CAREHEL,,
598,CAREHEN,M,
599,CAREHIN,F,
600,CAREHOO,TD4,
601,CAREILL,W,
602,CAREINC,,
603,CAREINE,W,
604,CAREINF,W,
605,CAREINO,X,
606,CAREINT,W,
607,CAREKEL,W,VW
608,CAREKRA,F,
609,CARELAE,W,
610,CARELAH,,
611,CARELAP,W,
612,CARELAS,W,VW
613,CARELEN,W,VW
614,CARELEO,W,
615,CARELEP,W,
616,CARELET,W,
617,CARELIM,W,VW
618,CARELIV,W,
619,CARELOL,W,
620,CARELUZ,,
621,CARELYN,W,
622,CAREMAG,W,VW
623,CAREMAL,X,
624,CAREMAO,,
625,CAREMAR,TD4,
626,CAREMED,,
627,CAREMEM,,
628,CAREMER,M,
629,CAREMIC,,
630,CAREMIO,X,
631,CAREMIP,,
632,CAREMIR,W,
633,CARENAR,,
634,CARENIG,,
635,CAREOBN,W,VW
636,CAREOBT,TD3,
637,CAREPAC,X,
638,CAREPAL,W,
639,CAREPAN,W,
640,CAREPAR,W,
641,CAREPAU,W,
642,CAREPAY,,
643,CAREPEC,TD4,
644,CAREPED,F,
645,CAREPEL,W,
646,CAREPER,,
647,CAREPET,TD2,
648,CAREPHA,,
649,CAREPLU,W,
650,CAREPOD,,
651,CAREPRE,X,
652,CAREPRR,F,
653,CAREPRS,,
654,CAREPRT,X,
655,CARERAY,X,
656,CARERET,X,
657,CARERIC,TD3,
658,CAREROS,TD2,
659,CAREROT,W,
660,CARERUP,,
661,CARESAR,W,
662,CARESAX,W,VW
663,CARESCI,,
664,CARESCO,W,
665,CARESCP,W,
666,CARESIC,X,
667,CARESIM,F,
668,CARESIT,W,
669,CARESPE,,
670,CARESPR,F,
671,CARESTI,W,
672,CARESTY,W,
673,CARESUP,TD3,
674,CARESWA,,
675,CARESYC,W,
676,CARETAH,TD3,
677,CARETEN,W,
678,CARETON,TD2,
679,CARETRI,X,
680,CARETRS,W,
681,CAREUNI,,
682,CAREUTR,W,VW
683,CAREVAG,W,
684,CAREVAL,M,
685,CAREVES,W,
686,CAREVIR,M,
687,CAREX,X,
688,CAREXER,TD3,
689,CARYOPH,TD4,
690,CASSIOP,X,
691,CASSLYC,,
692,CASSMER,,
693,CASSTET,,
694,CASTATT,,
695,CASTCER,TD1,
696,CASTCUS,,
697,CASTHIS,TD2,
698,CASTILL,TD4,
699,CASTLEV,,
700,CASTLUT,TD2,
701,CASTMIN,X,
702,CASTOCC,,
703,CASTPAR,,
704,CASTRAU,TD4,
705,CASTRHE,,
706,CASTSEP,TD4,
707,CASTTEN,W,
708,CASTTHO,TD1,
709,CASTUNA,,
710,CATAAQU,M,
711,CATAPYR,TD1,
712,CATASQA,TD0,
713,CATILLA,F,
714,CATONIG,W,
715,CEANOTH,TD3,
716,CEANSAN,TD2,
717,CEANVEL,TD3,
718,CENTAUI,TD2,
719,CENTAUR,TD0,
720,CENTCYA,TD2,
721,CENTDIF,TD0,
722,CENTSTO,TD1,
723,CEPHALO,X,
724,CEPHALZ,TD1,
725,CEPHDIV,X,
726,CEPHRUB,,
727,CERAARV,TD3,
728,CERABEE,,
729,CERADEM,,
730,CERAFAL,TD1,
731,CERAFIS,TD3,
732,CERAFON,X,
733,CERAGLO,,
734,CERANUT,TD4,
735,CERAPUR,TD2,
736,CERASEM,TD1,
737,CERASTI,X,
738,CERATOD,TD3,
739,CETRARE,,
740,CETRARI,TD4,
741,CETRCET,,
742,CETRCIL,,
743,CETRDEL,,
744,CETRELI,,
745,CETRERI,TD3,
746,CETRISL,TD4,
747,CETRLAE,TD4,
748,CETRNIG,,
749,CETRSUB,X,
750,CHAEDOU,TD0,
751,CHAMAEC,M,
752,CHAMANG,X,
753,CHAMCAL,W,
754,CHAMLAT,,
755,CHARA,W,VW
756,CHENALB,TD2,
757,CHENATR,W,
758,CHENDES,X,
759,CHENFRE,TD0,
760,CHENGLA,F,
761,CHENOPD,TD2,
762,CHENOPO,TD1,
763,CHENRUB,TD2,
764,CHEOSIM,TD3,
765,CHEROBT,,
766,CHILOSC,M,
767,CHILPAL,W,
768,CHILPOL,W,
769,CHIMAPH,M,
770,CHIMMEN,X,
771,CHIMUMB,TD4,
772,CHORISP,TD4,
773,CHRYCAN,,
774,CHRYCHL,TD3,
775,CHRYSOS,W,
776,CHRYSOT,X,
777,CHRYTET,W,
778,CHRYWRI,,
779,CICHINT,TD2,
780,CICUBUL,W,VW
781,CICUDOU,W,VW
782,CICUMAU,W,
783,CICUTA,W,
784,CINCLID,,
785,CINCSTY,W,
786,CINCSUB,,
787,CINNA,X,
788,CINNLAT,M,
789,CIRCAEA,,
790,CIRCALP,M,
791,CIRRCIR,M,
792,CIRSARV,X,
793,CIRSBRE,TD0,
794,CIRSDRU,,
795,CIRSEDU,X,
796,CIRSFOL,M,
797,CIRSHOO,TD3,
798,CIRSIUM,X,
799,CIRSPAL,M,
800,CIRSUND,TD1,
801,CIRSVUL,X,
802,CLADACU,X,
803,CLADALB,TD3,
804,CLADAMA,TD4,
805,CLADARB,TD3,
806,CLADBAI,TD3,
807,CLADBEL,X,
808,CLADBOE,TD1,
809,CLADBOY,X,
810,CLADCAI,TD1,
811,CLADCAN,TD4,
812,CLADCEN,TD3,
813,CLADCER,TD1,
814,CLADCHL,TD3,
815,CLADCIL,W,
816,CLADCOC,TD2,
817,CLADCOI,,
818,CLADCON,X,
819,CLADCOR,TD4,
820,CLADCRI,TD3,
821,CLADCYA,TD2,
822,CLADDEC,X,
823,CLADDEF,TD3,
824,CLADDIG,X,
825,CLADECM,TD4,
826,CLADFIM,TD2,
827,CLADFUR,X,
828,CLADGRA,TD3,
829,CLADHOM,TD4,
830,CLADINA,TD3,
831,CLADMAC,X,
832,CLADMAE,TD4,
833,CLADMAO,TD1,
834,CLADMER,X,
835,CLADMET,X,
836,CLADMIT,TD4,
837,CLADMUL,TD3,
838,CLADNOR,X,
839,CLADNOV,,
840,CLADOCH,X,
841,CLADONA,TD4,
842,CLADONI,TD3,
843,CLADPAR,X,
844,CLADPHY,TD2,
845,CLADPLE,X,
846,CLADPOC,TD2,
847,CLADPOR,X,
848,CLADPSE,W,
849,CLADPYX,TD2,
850,CLADRAN,X,
851,CLADREI,TD0,
852,CLADSCA,X,
853,CLADSCH,,
854,CLADSIN,F,
855,CLADSQU,X,
856,CLADSTE,X,
857,CLADSTI,TD2,
858,CLADSTY,X,
859,CLADSUF,X,
860,CLADSUL,TD4,
861,CLADSUU,TD2,
862,CLADSYM,TD0,
863,CLADTRA,X,
864,CLADUMB,X,
865,CLADUNC,X,
866,CLADVER,TD3,
867,CLADWAN,X,
868,CLAOBOL,X,
869,CLAOCRI,X,
870,CLAOPOD,X,
871,CLAOWHI,,
872,CLARPUL,TD0,
873,CLAVARI,W,
874,CLAYCOR,M,
875,CLAYLAN,,
876,CLAYMEG,,
877,CLAYPAR,TD2,
878,CLAYPER,X,
879,CLAYRUB,TD0,
880,CLAYSAR,,
881,CLAYSIB,M,
882,CLAYTON,X,
883,CLAYWAS,TD2,
884,CLEMATI,TD4,
885,CLEMLIG,TD2,
886,CLEMOCC,TD4,
887,CLIMACI,M,
888,CLIMDEN,W,
889,CLINDOU,TD3,
890,CLINTON,TD4,
891,CLINUNI,X,
892,COCHGRO,W,
893,COELACU,TD0,
894,COELOCA,,
895,COELOGL,,
896,COELVIR,X,
897,COLLCER,,
898,COLLEMA,TD1,
899,COLLGRD,TD1,
900,COLLGRN,TD2,
901,COLLHET,TD2,
902,COLLINS,X,
903,COLLLIN,TD1,
904,COLLOMI,TD2,
905,COLLPAR,TD1,
906,COLLTEN,TD0,
907,COLLUND,TD0,
908,COMANDR,TD2,
909,COMAPAU,W,
910,COMAUMB,TD1,
911,CONACOM,X,
912,CONIGME,X,
913,CONIMAC,F,
914,CONOCEP,W,
915,CONOTET,,
916,COPTASP,M,
917,COPTIS,X,
918,COPTLAP,W,
919,COPTTRI,W,
920,CORALLO,TD4,
921,CORAMAC,X,
922,CORAMER,X,
923,CORASTR,TD4,
924,CORATRI,X,
925,CORELAN,F,
926,CORNACE,TD4,
927,CORNCAN,X,
928,CORNICU,X,
929,CORNNOR,,
930,CORNNUT,X,
931,CORNSTO,X,
932,CORNSUE,F,
933,CORNUNA,X,
934,CORNUS,M,
935,CORYAUR,TD0,
936,CORYCOR,TD3,
937,CORYDAL,TD3,
938,CORYLUS,TD2,
939,CORYPAU,,
940,CORYSCO,M,
941,CORYSEM,TD2,
942,COSCCAL,TD0,
943,CRASSUL,W,
944,CRATAEG,X,
945,CRATDOU,X,
946,CRATFIL,,
3413,CRATMON1,W,
947,CRATONE,W,
948,CREPATR,TD1,
949,CREPCAP,TD3,
950,CREPINT,TD0,
951,CREPIS,TD2,
952,CREPOCC,TD1,
953,CREPRUN,TD2,
954,CREPTEC,TD2,
955,CROSSID,TD2,
956,CRYPACR,TD2,
957,CRYPAFF,TD0,
958,CRYPCAS,X,
959,CRYPSIT,X,
960,CRYPSTE,,
961,CRYPTAN,TD2,
962,CRYPTOG,TD4,
963,CRYPTOR,TD2,
964,CUPRESS,,
965,CYNOBOR,TD4,
966,CYNODOT,,
967,CYNOECH,TD2,
968,CYNOGLA,TD2,
969,CYNOGLO,TD2,
970,CYNOGRA,TD4,
971,CYNOJEN,X,
972,CYNOOFF,TD3,
973,CYNOSTR,F,
974,CYPERAC,M,
975,CYPERUS,X,
976,CYPESQU,,
977,CYPHINQ,F,
978,CYPRIPE,X,
979,CYPRMON,X,
980,CYPRPAR,W,
981,CYPRPAS,X,
982,CYRTHYM,F,
983,CYSTFRA,X,
984,CYSTMON,X,
985,CYSTOCO,TD2,
986,CYSTOPT,X,
987,CYTISCO,TD2,
988,DACTARC,,
989,DACTGLO,TD3,
990,DACTMAD,,
991,DACTRAM,,
992,DACTYLI,,
993,DACTYLN,,
994,DANTCAL,TD3,
995,DANTHON,X,
3414,DANTINT1,X,
996,DANTSPI,TD2,
997,DANTUNI,TD2,
998,DAPHLAU,TD2,
999,DAPHNE,TD4,
1000,DASIFRU,X,
1001,DAUCCAR,X,
1002,DELPBIC,TD1,
1003,DELPGLA,X,
1004,DELPHIN,X,
1005,DELPMEN,TD0,
1006,DELPNUT,TD1,
1007,DELPSUT,,
1008,DENDABI,TD2,
1009,DENDROA,M,
1010,DERMATO,TD2,
1011,DERMMIN,TD0,
1012,DERMRIV,,
1013,DESCCES,W,X
1014,DESCDAN,X,
1015,DESCELO,M,
1016,DESCHAM,X,
1017,DESCINC,TD0,
1018,DESCLON,,
1019,DESCPIN,TD0,
1020,DESCSOH,TD0,
1021,DESCSOP,TD0,
1022,DESCURA,TD0,
1023,DIANARM,TD0,
3415,DICEFOR1,M,
1024,DICENTR,,
1025,DICHACU,X,
1026,DICHOLI,TD0,
1027,DICHOLY,,
1028,DICHPEL,X,
1029,DICRACU,X,
1030,DICRANA,X,
1031,DICRANE,TD4,
1032,DICRANO,,
1033,DICRANU,X,
1034,DICRANW,TD3,
1035,DICRASP,X,
1036,DICRBON,F,
1037,DICRBRE,X,
1038,DICRCER,TD4,
1039,DICRCIR,X,
1040,DICRCRI,TD4,
1041,DICRCRS,TD3,
1042,DICRELO,,
1043,DICRFLA,,
1044,DICRFRA,X,
1045,DICRFUS,X,
1046,DICRGRO,TD2,
1047,DICRHET,M,
1048,DICRMAJ,M,
1049,DICRMON,,
1050,DICRMUE,X,
1051,DICRPAI,X,
1052,DICRPAL,X,
1053,DICRPOL,TD4,
1054,DICRRUF,,
1055,DICRSCH,TD3,
1056,DICRSCO,X,
1057,DICRSPA,,
1058,DICRSUB,X,
1059,DICRTAU,TD3,
1060,DICRUNC,X,
1061,DICRUND,X,
1062,DICRVAR,TD4,
1063,DICTYON,,
1064,DIDYFAL,M,
1065,DIDYMOD,TD0,
1066,DIDYRIG,TD2,
1067,DIDYVIN,X,
1068,DIETCAN,X,
1069,DIGIPUR,TD3,
1070,DIGISAN,,
1071,DIGITAL,TD4,
1072,DIPHALP,,
1073,DIPHCOM,TD4,
1074,DIPHSIT,X,
1075,DIPLALB,M,
1076,DIPLMUS,TD0,
1077,DIPLOBU,TD4,
1078,DIPLOPH,X,
1079,DIPLOSC,TD0,
1080,DIPLOTA,TD0,
1081,DIPLSCR,TD1,
1082,DISTCAP,X,
1083,DISTICH,,
1084,DISTICI,,
1085,DISTSPI,X,
1086,DITRFLE,TD1,
1087,DITRHET,X,
1088,DITRICH,,
1089,DITRMON,,
1090,DOUGALA,,
1091,DOUIOVA,F,
1092,DOUIPLI,M,
1093,DRABA,,
1094,DRABALB,TD4,
1095,DRABAUR,,
1096,DRABBOR,,
1097,DRABCAN,X,
1098,DRABCIN,,
1099,DRABCOR,,
1100,DRABCRA,,
1101,DRABDEN,,
1102,DRABGLA,,
1103,DRABGRA,TD4,
1104,DRABINC,,
1105,DRABJUV,,
1106,DRABLAC,,
1107,DRABLON,,
1108,DRABMAC,,
1109,DRABNEM,TD0,
1110,DRABNIV,,
1111,DRABNOV,,
1112,DRABOLI,,
1113,DRABPOR,,
1114,DRABPRA,,
1115,DRABRUA,,
1116,DRABSTE,X,
1117,DRABVEN,,
1118,DRABVER,TD0,
1119,DRACPAR,X,
1120,DRACTHY,TD3,
1121,DREPADU,W,
1122,DREPANO,W,
1123,DREPCRA,X,
1124,DREPLON,W,
1125,DREPPOL,,
1126,DREPSEN,W,
1127,DREPSOR,,
1128,DROSANG,W,
1129,DROSERA,W,
1130,DROSROT,W,
1131,DRYADRU,X,
1132,DRYAINT,,
1133,DRYAOCT,,
1134,DRYAS,X,
1135,DRYMCON,TD1,
1136,DRYMGLA,TD2,
1137,DRYOARG,M,
1138,DRYOCAR,M,
1139,DRYOCRI,X,
1140,DRYOEXP,M,
1141,DRYOFIL,M,
1142,DRYOFRA,X,
1143,DRYOPTE,F,
1144,DRYPPAT,TD2,
1145,DULIARU,W,VW
1146,DULICHI,,
1147,ECHICRU,,
1148,ECHIVUL,TD2,
1149,ELAEANG,X,
1150,ELAECOM,TD3,
1151,ELEOACI,,
1152,ELEOCHA,X,
1153,ELEOELL,,
1154,ELEOKAM,,
1155,ELEOMAM,,
1156,ELEOOBT,W,
1157,ELEOPAL,W,VW
1158,ELEOQUI,W,
1159,ELEOROS,,
1160,ELEOSUK,,
1161,ELLINYC,TD2,
1162,ELLIPYR,X,
1163,ELYMALA,,
1164,ELYMALB,TD3,
1165,ELYMCAN,X,
1166,ELYMELY,TD3,
1167,ELYMGLA,X,
1168,ELYMHIR,X,
1169,ELYMLAN,X,
1170,ELYMREP,TD3,
1171,ELYMSIB,M,
1172,ELYMTRA,TD3,
1173,ELYMUS,X,
1174,ELYMVIO,F,
1175,ELYMXSA,TD2,
1176,EMPENIG,X,
1177,EMPETRU,,
1178,ENCAAFF,TD3,
1179,ENCAALP,,
1180,ENCABRE,,
1181,ENCACIL,TD3,
1182,ENCALYP,TD1,
1183,ENCAPRO,TD4,
1184,ENCARHA,TD1,
1185,ENCASPA,M,
1186,ENCAVUL,TD1,
1187,ENDOPUL,,
1188,ENDOPUS,TD0,
1189,ENEMSAV,,
1190,EPILANA,,
1191,EPILBRA,TD1,
1192,EPILCIL,W,
1193,EPILCLA,,
1194,EPILDAV,W,X
1195,EPILGLA,M,
1196,EPILHAL,W,X
1197,EPILHOR,W,X
1198,EPILLAC,M,
1199,EPILLEP,X,
1200,EPILLET,M,
1201,EPILLUT,W,X
1202,EPILMIN,X,
1203,EPILOBI,X,
1204,EPILPAL,W,X
1205,EPIPGIG,,
1206,EQUIARV,M,
1207,EQUIFLU,W,VW
1208,EQUIHYE,X,
1209,EQUILAE,X,
1210,EQUIPAL,W,
1211,EQUIPRA,M,
1212,EQUISCI,X,
1213,EQUISET,M,
1214,EQUISYL,M,
1215,EQUITEL,X,
1216,EQUIVAR,W,
1217,EREMCAP,TD4,
1218,ERICACE,M,
1219,ERICAME,TD0,
1220,ERICNAU,TD0,
1221,ERIGACR,X,
1222,ERIGANN,,
1223,ERIGAUR,,
1224,ERIGCAE,TD4,
1225,ERIGCOM,TD1,
1226,ERIGCOR,TD1,
1227,ERIGDIV,TD1,
1228,ERIGERO,X,
1229,ERIGFIL,TD0,
1230,ERIGFLA,TD1,
1231,ERIGGLA,,
1232,ERIGGLC,,
1233,ERIGGRA,X,
1234,ERIGHUM,,
1235,ERIGLAN,F,
1236,ERIGLEI,,
1237,ERIGLIN,TD0,
1238,ERIGLON,X,
1239,ERIGNIV,F,
1240,ERIGOCH,,
1241,ERIGPAL,X,
1242,ERIGPER,,
1243,ERIGPHI,X,
1244,ERIGPOL,TD0,
1245,ERIGPUM,TD2,
1246,ERIGSPE,TD2,
1247,ERIGSTR,TD1,
1248,ERIGTRI,,
1249,ERIGUNI,,
1250,ERIOAND,W,
1251,ERIOANG,W,
1252,ERIOBRA,W,
1253,ERIOCHA,W,VW
1254,ERIODER,,
1255,ERIOFLA,,
1256,ERIOGON,TD1,
1257,ERIOGRA,W,
1258,ERIOHER,TD1,
1259,ERIOLAN,TD2,
1260,ERIONIV,TD0,
1261,ERIOOVA,TD3,
1262,ERIOPAU,W,
1263,ERIOPHO,W,
1264,ERIOPHY,W,
1265,ERIOSCH,W,VW
1266,ERIOSTR,TD4,
1267,ERIOUMB,TD3,
1268,ERIOVAG,W,
1269,ERIOVIG,M,
1270,ERIOVIR,W,
1271,ERODCIC,TD0,
1272,ERYSCAP,TD2,
1273,ERYSCHE,TD1,
1274,ERYSIMU,X,
1275,ERYSINC,TD0,
1276,ERYTBRW,TD2,
1277,ERYTGRA,TD4,
1278,ERYTGUT,W,
1279,ERYTHRO,X,
1280,ERYTLEW,W,
1281,ERYTMON,TD3,
1282,ERYTMOS,W,
1283,ERYTORE,X,
1284,ERYTREV,X,
1285,EUCEENG,X,
1286,EUPHESU,TD2,
1287,EUPHORB,F,
1288,EUPHRAS,,
1289,EUPHSUB,F,
1290,EURHORE,X,
1291,EURHPRA,M,
1292,EURHPUL,X,
1293,EURHYNC,X,
1294,EURYCON,TD4,
1295,EURYMER,,
1296,EURYRAD,X,
1297,EURYSIB,X,
1298,EUTHOCC,TD3,
1299,EUTREDW,,
1300,EVERMES,TD4,
1301,EVERPRU,X,
1302,FABACEA,,
1303,FALLCON,TD2,
1304,FELLHAN,M,
1305,FESTALT,,
1306,FESTBAF,,
1307,FESTBRA,,
1308,FESTCAM,TD1,
1309,FESTFIL,TD3,
1310,FESTIDA,TD2,
1311,FESTMIN,,
1312,FESTOCC,TD3,
1313,FESTOVI,,
1314,FESTRUB,X,
1315,FESTSAX,TD3,
1316,FESTSUB,M,
1317,FESTSUU,X,
1318,FESTTRA,TD3,
1319,FESTUCA,TD3,
1320,FESTVII,,
1321,FESTVIR,,
1322,FILAVUL,TD0,
1323,FISSADI,,
1324,FISSBRY,X,
1325,FISSGRA,M,
1326,FISSIDE,M,
1327,FLAVCUC,,
1328,FLAVFLA,TD0,
1329,FLAVNIV,,
1330,FLAVOCE,TD4,
1331,FLAVOPU,TD3,
1332,FONTANT,M,
1333,FONTINA,M,
1334,FONTNEO,F,
1335,FRAGARI,TD4,
1336,FRAGCHI,TD4,
1337,FRAGVES,TD3,
1338,FRAGVIR,X,
1339,FRANPUR,X,
1340,FRITAFF,TD2,
1341,FRITCAM,W,
1342,FRITILL,TD4,
1343,FRITPUD,TD1,
1344,FRULHAT,M,
1345,FRULLAN,X,
1346,FRULNIS,,
1347,FUCUS,W,
1348,FULGBRA,TD0,
1349,FULGENS,TD4,
1350,FUMARIA,TD4,
1351,FUNAHYG,X,
1352,FUNARIA,TD3,
1353,GADELAC,,
1354,GAILARI,TD1,
1355,GAILLAR,,
1356,GALEOPS,W,
1357,GALEROT,W,
1358,GALETET,X,
1359,GALIAPA,X,
1360,GALIBIF,X,
1361,GALIBOR,X,
1362,GALIKAM,M,
1363,GALILAB,W,
1364,GALINSO,TD4,
1365,GALIPAL,W,
1366,GALISPU,TD0,
1367,GALITRD,X,
1368,GALITRF,X,
1369,GALIUM,X,
1370,GAULHIS,X,
1371,GAULHUM,,
1372,GAULOVA,X,
1373,GAULSHA,X,
1374,GAULTHE,TD4,
1375,GAURA,TD4,
1376,GAYODIF,TD3,
1377,GAYOPHY,,
1378,GENTAFF,X,
1379,GENTAMA,TD4,
1380,GENTDOU,W,
1381,GENTGLA,,
1382,GENTIAA,,
1383,GENTIAE,,
1384,GENTIAN,X,
1385,GENTPLA,,
1386,GENTPRP,,
1387,GENTPRS,,
1388,GENTSCE,W,
1389,GENTVIR,,
1390,GEOCAUL,X,
1391,GEOCGRA,W,
1392,GEOCLIV,X,
1393,GERABIC,X,
1394,GERACAR,TD4,
1395,GERADIS,,
1396,GERAERI,F,
1397,GERAMOL,TD2,
1398,GERANIU,X,
1399,GERARIC,X,
1400,GERAROB,X,
1401,GERAVIS,TD3,
1402,GEUM,X,
1403,GEUMALE,X,
1404,GEUMCAL,W,
1405,GEUMMAC,M,
1406,GEUMRIV,W,
1407,GEUMROS,TD3,
1408,GEUMTRI,TD2,
1409,GILIA,TD0,
1410,GLECHED,F,
1411,GLEHLIT,X,
1412,GLYCBOR,W,VW
1413,GLYCELA,W,
1414,GLYCERI,W,
1415,GLYCGRA,W,VW
1416,GLYCLEI,TD4,
1417,GLYCLEP,,
1418,GLYCMAX,,
1419,GLYCPUL,X,
1420,GLYCSTR,W,
1421,GNAPHAL,TD0,
1422,GNAPPAL,TD2,
1423,GOODOBL,X,
1424,GOODREP,X,
1425,GOODYER,,
1426,GOWANIG,,
1427,GRIMANO,TD0,
1428,GRIMATT,,
1429,GRIMELA,TD3,
1430,GRIMLON,TD4,
1431,GRIMMIA,TD0,
1432,GRIMMON,TD2,
1433,GRIMOVA,TD1,
1434,GRIMPUL,TD0,
1435,GRIMRAM,TD3,
1436,GRIMSES,,
1437,GRIMTRI,TD3,
1438,GRINSQU,X,
1439,GYMNBRE,,
1440,GYMNCON,TD3,
1441,GYMNCOR,,
1442,GYMNCOT,M,
1443,GYMNDIS,X,
1444,GYMNDRY,M,
1445,GYMNINF,W,
1446,GYMNOBT,TD3,
1447,GYMNOCA,F,
1448,GYMNOCO,,
1449,GYPSMAC,,
1450,GYROUND,X,
1451,HACKCIL,,
1452,HACKDEF,TD3,
1453,HACKDIF,,
1454,HACKELI,TD1,
1455,HACKFLO,X,
1456,HACKMIC,F,
1457,HAEMATO,,
1458,HALECYM,X,
1459,HALEDEF,X,
1460,HAMAVER,W,
1461,HAPLOMI,,
1462,HARPFLO,W,
1463,HARRSTE,,
1464,HEDEHEL,X,
1465,HEDEHIS,,
1466,HEDWCIL,TD2,
1467,HEDWIGA,TD3,
1468,HEDWIGI,X,
1469,HEDYALP,X,
1470,HEDYBOR,X,
1471,HEDYOCC,M,
1472,HEDYSAR,TD3,
1473,HEDYSUL,TD4,
1474,HELEAUT,M,
1475,HELIANT,TD2,
1476,HELIUNI,X,
1477,HELOBLA,W,
1478,HELODIU,W,
1479,HEMICON,X,
1480,HEMIMIN,TD2,
1481,HEMIRAN,TD3,
1482,HENNHEI,X,
1483,HEPPIA,,
1484,HEPPLUT,TD2,
1485,HERACLE,M,
1486,HERAMAX,M,
1487,HERBADU,W,
1488,HERBERT,W,
1489,HERZOGI,W,
1490,HERZSEL,TD3,
1491,HERZSTR,M,
1492,HERZTUR,F,
1493,HESPCOM,TD0,
1494,HESPCUR,TD2,
1495,HESPSPA,TD2,
1496,HETEDIM,TD4,
1497,HETEMAC,X,
1498,HETEPRO,X,
1499,HETEROL,X,
1500,HETEVIL,TD1,
1501,HEUCCHL,TD3,
1502,HEUCCYL,TD1,
1503,HEUCGLA,X,
1504,HEUCHER,X,
1505,HEUCMIC,TD2,
1506,HEUCRIC,TD4,
1507,HIERALI,TD3,
1508,HIERLAC,,
1509,HIERMAC,M,
1510,HIERMUR,TD2,
1511,HIERSCO,TD2,
1512,HIERTRI,,
1513,HIERUMB,TD3,
1514,HIPPMON,,
1515,HIPPVUL,W,VW
1516,HOLCLAN,X,
1517,HOLODIC,TD3,
1518,HOLODIU,TD3,
1519,HOLOUMB,TD0,
1520,HOMAAEN,TD1,
1521,HOMAFUL,X,
1522,HOMALIA,TD4,
1523,HOMALOH,TD1,
1524,HOMANEV,M,
1525,HOMANUT,M,
1526,HOMAPIN,TD4,
1527,HONKPEP,TD4,
1528,HOOKACU,,
1529,HOOKERI,F,
1530,HOOKLUC,M,
1531,HORDBRA,W,
1532,HORDEUM,,
1533,HORDJUB,X,
1534,HORDVUL,TD3,
1535,HUPECON,M,
1536,HUPEMIY,W,
1537,HUPEOCC,M,
1538,HUPERZI,W,
1539,HUPESEL,F,
1540,HYDRCAP,TD2,
1541,HYDRFEN,X,
1542,HYDROPH,X,
1543,HYGRBES,M,
1544,HYGRDUR,M,
1545,HYGRLUR,M,
1546,HYGRMOL,,
1547,HYGROCH,,
1548,HYGROHY,,
1549,HYGRTEN,X,
1550,HYLOCOA,M,
1551,HYLOCOM,X,
1552,HYLOPYE,M,
1553,HYLOSPL,X,
1554,HYLOUMR,W,
1555,HYMEREC,,
1556,HYPEANA,W,
1557,HYPEAND,TD3,
1558,HYPEPER,TD1,
1559,HYPERIC,X,
1560,HYPESCO,X,
1561,HYPNBAM,W,
1562,HYPNCAL,M,
1563,HYPNCIR,X,
1564,HYPNCUP,TD2,
1565,HYPNDIE,M,
1566,HYPNLIN,W,
1567,HYPNPAL,TD3,
1568,HYPNPRA,W,
1569,HYPNREC,,
1570,HYPNREV,TD3,
1571,HYPNSUB,X,
1572,HYPNUM,X,
1573,HYPNVAU,TD1,
1574,HYPOAUS,M,
1575,HYPODUP,M,
1576,HYPOENT,F,
1577,HYPOFLA,M,
1578,HYPOGYM,TD4,
1579,HYPOIMS,M,
1580,HYPOMON,X,
1581,HYPOOCC,TD4,
1582,HYPOPHY,X,
1583,HYPORAD,X,
1584,HYPOSUO,,
1585,ICMADOP,TD3,
1586,ICMAERI,X,
1587,ILEX,X,
1588,ILEXAQU,X,
1589,IMPACAP,M,
1590,IMPAECO,W,
1591,IMPAGLA,,
1592,IMPANOL,W,
1593,IMPAPAR,M,
1594,IMPATIE,W,
1595,IONASTE,TD3,
1596,IPOMAGG,TD0,
1597,IRIS,M,
1598,IRISPSE,F,
1599,ISOEOCC,,
1600,ISOETES,W,VW
1601,ISOLCER,,
1602,ISOPPUL,,
1603,ISOPTER,,
1604,ISOTHEC,X,
1605,ISOTMYO,X,
1606,JUNCACE,TD4,
1607,JUNCALP,W,
1608,JUNCARC,X,
1609,JUNCART,,
1610,JUNCBAL,X,
1611,JUNCBIG,,
1612,JUNCBOL,,
1613,JUNCBUF,W,
1614,JUNCBUL,M,
1615,JUNCCAN,,
1616,JUNCCAS,,
1617,JUNCCOV,W,
1618,JUNCDRU,,
1619,JUNCDUD,TD4,
1620,JUNCEFF,M,
1621,JUNCENS,W,
1622,JUNCFAL,W,
1623,JUNCFIL,W,
1624,JUNCLON,W,
1625,JUNCMER,,
1626,JUNCNEV,W,
1627,JUNCNOD,W,
1628,JUNCPAR,,
1629,JUNCREG,X,
1630,JUNCSTY,,
1631,JUNCSUP,W,
1632,JUNCTEN,X,
1633,JUNCTRI,,
1634,JUNCUS,,
1635,JUNCVAS,W,
1636,JUNGATR,X,
1637,JUNGERM,,
1638,JUNICOM,TD3,
1639,JUNIHOR,TD3,
1640,JUNIPER,TD2,
1641,JUNISCO,TD2,
1642,KAERCAL,,
1643,KALMIA,X,
1644,KALMMIC,W,
1645,KALMPRO,X,
1646,KIAEBLY,X,
1647,KIAEFAL,X,
1648,KIAEGLA,M,
1649,KIAERIA,,
1650,KIAESTA,X,
1651,KOBRESI,,
1652,KOBRMYO,,
1653,KOBRSIB,,
1654,KOBRSIM,,
1655,KOELERI,X,
1656,KOELMAC,TD1,
1657,KOENISL,,
1658,KOPSHOO,TD4,
1659,KURZIA,W,
1660,KURZPAU,M,
1661,KURZSYL,W,
1662,LACTBIE,,
1663,LACTSER,TD0,
1664,LACTUCA,X,
1665,LAMIACE,M,
1666,LAPPOCC,TD1,
1667,LAPPSQU,TD2,
1668,LAPPULA,TD1,
1669,LARIDEC,,
1670,LARILAR,W,
1671,LARILYA,,
1672,LARIOCC,TD4,
1673,LARIX,TD4,
1674,LATHJAP,TD4,
1675,LATHLAN,TD3,
1676,LATHLIT,X,
1677,LATHNEV,TD4,
1678,LATHOCH,TD4,
1679,LATHPAL,W,
1680,LATHPRA,TD3,
1681,LATHSYL,F,
1682,LATHYRU,TD4,
1683,LECAFRU,TD3,
1684,LECAHAS,TD2,
1685,LECANAC,,
1686,LECANOA,TD0,
1687,LECANOR,,
1688,LECIDEA,TD2,
1689,LECIDEU,,
1690,LECIEUP,,
1691,LECIFUU,TD3,
1692,LECILUR,TD0,
1693,LECISTI,,
1694,LECISUI,TD1,
1695,LECIWUL,,
1696,LEDUM,W,
1697,LEMNA,W,
1698,LEMNMIN,W,
1699,LEMNTRI,,
1700,LEONSAX,TD4,
1701,LEPIDEN,TD2,
1702,LEPIDIU,TD0,
1703,LEPIDOZ,M,
1704,LEPIFIL,M,
1705,LEPIPER,TD4,
1706,LEPIREP,M,
1707,LEPIVIR,TD2,
1708,LEPRALB,,
1709,LEPRARI,,
1710,LEPRCAC,,
1711,LEPRINC,TD4,
1712,LEPRMEB,X,
1713,LEPRNEG,,
1714,LEPROCA,,
1715,LEPROLO,,
1716,LEPRSUB,,
1717,LEPRVOU,M,
1718,LEPTALB,F,
1719,LEPTARR,W,
1720,LEPTBUN,TD4,
1721,LEPTHUM,M,
1722,LEPTLIC,TD0,
1723,LEPTOBR,W,
1724,LEPTOGI,TD4,
1725,LEPTPYI,X,
1726,LEPTPYR,W,
1727,LEPTRIP,W,
1728,LEPTSAT,TD0,
1729,LEPTSEP,TD2,
1730,LEPTSUB,,
1731,LEPTTEN,TD2,
1732,LESCURA,,
1733,LESKNER,X,
1734,LESKPOL,,
1735,LETHARI,F,
1736,LETHCOL,,
1737,LETHVUL,TD3,
1738,LEUCACA,M,
1739,LEUCANT,F,
1740,LEUCOLE,W,
1741,LEUCVUL,X,
1742,LEWICOL,TD1,
1743,LEWIPYG,,
1744,LEWIRED,TD0,
1745,LEYMCIN,TD4,
1746,LEYMINN,X,
1747,LEYMMOL,X,
1748,LEYMTRI,W,
1749,LEYMUS,X,
1750,LICHENC,,
1751,LICHENO,TD4,
1752,LICHINA,,
1753,LICHSTI,TD0,
1754,LIGUCAL,,
1755,LIGUCAN,M,
1756,LIGUSCO,W,
1757,LIGUSTI,M,
1758,LILAEA,W,
1759,LILAOCC,W,
1760,LILIACE,X,
1761,LILICOL,TD4,
1762,LILIPHI,TD3,
1763,LILIUM,TD4,
1764,LINAGEN,TD0,
1765,LINAPUN,TD0,
1766,LINAPUR,TD0,
1767,LINARIA,TD0,
1768,LINAVUL,TD1,
1769,LINNBOR,X,
1770,LINUBIE,TD1,
1771,LINULEW,TD1,
1772,LINUM,TD2,
1773,LINUPER,TD2,
1774,LIOCLAN,X,
1775,LITHGLA,TD1,
1776,LITHINC,TD0,
1777,LITHOPH,TD2,
1778,LITHOSP,TD0,
1779,LITHPAR,TD1,
1780,LITHRUD,TD1,
1781,LITHTHO,TD2,
1782,LLOYDIA,TD4,
1783,LLOYSER,,
1784,LOBALIN,,
1785,LOBAORE,M,
1786,LOBAPUL,X,
1787,LOBARET,TD2,
1788,LOBARIA,X,
1789,LOBASCR,TD0,
1790,LOBEKAL,,
1791,LOBELIA,F,
1792,LOESBAD,W,
1793,LOGFARV,TD1,
1794,LOISELE,F,
1795,LOLIPER,TD3,
1796,LOMAAMB,TD0,
1797,LOMABRA,TD3,
1798,LOMADIS,TD1,
1799,LOMAGEY,TD0,
1800,LOMAMAC,TD0,
1801,LOMAMAR,TD3,
1802,LOMANUD,TD1,
1803,LOMASAN,,
1804,LOMATIU,TD1,
1805,LOMATRI,TD2,
1806,LOMAUTR,TD2,
1807,LONICER,X,
1808,LONICIL,TD3,
1809,LONIDIO,X,
1810,LONIHIS,TD3,
1811,LONIINV,X,
1812,LONITAT,,
1813,LONIUTA,X,
1814,LOPHBID,W,
1815,LOPHHET,X,
1816,LOPHMIN,W,
1817,LOPHOBT,M,
1818,LOPHSUD,X,
1819,LOPHVEN,X,
1820,LOPOEXC,TD3,
1821,LOTUCOR,TD2,
1822,LOTUS,TD3,
1823,LUETPEC,,
1824,LUPIARB,TD4,
1825,LUPIARC,TD4,
1826,LUPIARG,X,
1827,LUPIARU,TD3,
1828,LUPIBIC,M,
1829,LUPIBUR,X,
1830,LUPIKUS,,
1831,LUPILEP,,
1832,LUPILEU,F,
1833,LUPILIT,TD4,
1834,LUPILYA,,
1835,LUPINOO,,
1836,LUPINUS,TD4,
1837,LUPIPOC,X,
1838,LUPIPOY,X,
1839,LUPISER,TD2,
1840,LUPISUL,TD0,
1841,LUZUARU,,
1842,LUZUCAM,,
1843,LUZUCOM,TD4,
1844,LUZUCON,,
1845,LUZUHIT,,
1846,LUZULA,,
1847,LUZUMUL,X,
1848,LUZUNIV,,
1849,LUZUPAR,,
1850,LUZUPIP,,
1851,LUZURUF,M,
1852,LUZUSPI,,
1853,LYCHNIS,TD3,
1854,LYCIUM,F,
1855,LYCOAME,W,
1856,LYCOANN,X,
1857,LYCOASP,W,
1858,LYCOCLA,X,
1859,LYCODEN,X,
1860,LYCOINU,W,
1861,LYCOPOA,X,
1862,LYCOPOE,X,
1863,LYCOPOI,X,
1864,LYCOPUS,X,
1865,LYCOUNI,W,
1866,LYSIAME,W,
1867,LYSICHI,,
1868,LYSIMAR,W,
1869,LYSITHY,W,
1870,LYTHRUM,W,
1871,MACHAER,F,
1872,MADIA,TD0,
1873,MADIEXI,TD0,
1874,MADIGRA,TD2,
1875,MADISAT,TD2,
1876,MAIACAN,X,
1877,MAIADIL,M,
1878,MAIANTH,X,
1879,MAIARAC,X,
1880,MAIASTE,X,
1881,MAIATRI,W,
1882,MALABRA,W,
1883,MALUFUS,X,
1884,MALUPUM,TD4,
1885,MALUS,X,
1886,MALVNEG,TD4,
1887,MANNGRA,,
1888,MARCPOL,W,
1889,MARSAQU,W,
1890,MARSSPA,F,
1891,MARSSPH,W,
1892,MARSUPE,,
1893,MASONHA,,
1894,MASORIC,,
1895,MASSCAR,X,
1896,MATRCHA,TD4,
1897,MATRDIS,TD3,
1898,MATTSTR,M,
1899,MEDICAG,X,
1900,MEDILUP,TD3,
1901,MEDISAT,TD2,
1902,MEESLON,W,
1903,MEESTRI,W,
1904,MEESULI,,
1905,MELAAGN,,
1906,MELAELE,TD1,
1907,MELAEXS,TD4,
1908,MELAHEP,X,
1909,MELAINF,TD0,
1910,MELALIN,TD3,
1911,MELAMPY,TD4,
1912,MELANEL,TD1,
1913,MELASUA,,
1914,MELASUE,TD2,
1915,MELIALB,TD2,
1916,MELIBUL,TD3,
1917,MELICA,X,
1918,MELIHAR,TD3,
1919,MELILOT,TD4,
1920,MELIOFF,X,
1921,MELISMI,M,
1922,MELISPE,,
1923,MELISUB,X,
1924,MENTALB,TD0,
1925,MENTARV,W,
1926,MENTDIS,TD0,
1927,MENTHA,X,
1928,MENTLAE,TD0,
1929,MENTSPI,W,
1930,MENYTRI,W,VW
1931,MENZFER,X,
1932,MERTENS,X,
1933,MERTLON,TD3,
1934,MERTPAN,X,
1935,MESOGIL,TD4,
1936,MESORUT,M,
1937,METZCON,F,
1938,METZTEM,M,
1939,MICRBOR,W,
1940,MICRFER,TD4,
1941,MICRGRA,TD1,
1942,MICRINT,TD3,
1943,MICRLYA,,
1944,MICRMIN,TD0,
1945,MICRNEL,,
1946,MICRNID,TD0,
1947,MICRNIV,,
1948,MICRNUT,TD1,
1949,MICROCC,,
1950,MICRODO,X,
1951,MICROSE,F,
1952,MICRREF,,
1953,MICRRUF,,
1954,MICRTOL,,
1955,MIMULUS,W,
1956,MIMUTIL,M,
1957,MINUART,,
1958,MINUNUT,TD3,
1959,MITECAU,M,
1960,MITELLA,,
1961,MITENUD,X,
1962,MNIACEA,,
1963,MNIUAMB,X,
1964,MNIUARI,X,
1965,MNIUBLY,M,
1966,MNIUM,M,
1967,MNIUMAR,X,
1968,MNIUSPN,X,
1969,MNIUTHO,F,
1970,MOEHLAT,X,
1971,MOEHMAC,TD3,
1972,MOEHRIN,X,
1973,MOENCHI,TD4,
1974,MOLLVER,M,
1975,MONAFIS,TD2,
1976,MONESES,X,
1977,MONEUNI,X,
1978,MONOLEP,F,
1979,MONOTRO,TD3,
1980,MONOUNI,X,
1981,MONTCHA,W,
1982,MONTDIF,TD0,
1983,MONTIA,X,
1984,MONTLIN,TD2,
1985,MONTPAR,X,
1986,MUHLAND,M,
1987,MUHLASP,X,
1988,MUHLENB,X,
1989,MUHLGLO,X,
1990,MUHLRIC,X,
1991,MULGPUL,,
1992,MYCEMUR,X,
1993,MYCOSAN,TD4,
1994,MYLIA,M,
1995,MYLIANO,W,
1996,MYLITAY,M,
1997,MYOSAPE,,
1998,MYOSARV,TD4,
1999,MYOSASI,,
2000,MYOSDIS,TD1,
2001,MYOSLAX,W,
2002,MYOSMIN,M,
2003,MYOSOTI,X,
2004,MYOSSCO,W,
2005,MYOSSTR,TD0,
2006,MYOSSYL,,
2007,MYOSVER,TD0,
2008,MYRIGAL,W,
2009,MYRIGRA,,
2010,MYRIOPH,W,VW
2011,MYRISPI,,
2012,MYRIVER,,
2013,MYURJUL,M,
2014,MYURTEN,TD0,
3421,NA,,
2015,NARCISS,TD4,
2016,NARDIA,W,
2017,NASSVIR,TD3,
2018,NASTMIC,M,
2019,NASTOFF,TD4,
2020,NAVASQU,TD3,
2021,NECKDOU,X,
2022,NECKERA,X,
2023,NECKMEN,X,
2024,NECKPEN,X,
2025,NEMOBRE,TD4,
2026,NEMOPAR,F,
2027,NEOOATT,TD4,
2028,NEOOFLO,X,
2029,NEOTBAN,M,
2030,NEOTBOR,X,
2031,NEOTCON,M,
2032,NEOTCOR,M,
2033,NEOTTIA,X,
2034,NEPECAT,TD3,
2035,NEPHARC,X,
2036,NEPHBEL,TD4,
3418,NEPHCRI1,W,
2037,NEPHEXP,,
2038,NEPHHEL,X,
2039,NEPHPAR,TD3,
2040,NEPHRES,TD3,
2041,NEPHROM,TD4,
2042,NEPHSIL,TD4,
2043,NODOBRY,M,
2044,NODOORE,,
2045,NOTHNEM,F,
2046,NOTHTRO,TD1,
2047,NUPHAR,W,VW
2048,NUPHPOL,,
2049,NUPHVAR,,
2050,OCHROLE,,
2051,OCHRUPS,TD1,
2052,ODONDEN,W,
2053,ODONFLU,W,
2054,OEMLCER,X,
2055,OENASAR,W,VW
2056,OENOPAL,TD0,
2057,OENOTHE,TD2,
2058,OLIGALI,M,
2059,OLIGHER,,
2060,OLIGOTR,X,
2061,OLIGPAR,,
2062,OLSYDOU,TD0,
2063,ONCOVIR,X,
2064,ONCOWAH,,
2065,ONOBVIC,TD3,
2066,OPHILAP,TD3,
2067,OPLOHOR,M,
2068,OPLOPAN,X,
2069,OPUNFRA,TD0,
2070,ORCHIDA,X,
2071,OROBANC,X,
2072,OROBFAS,TD0,
2073,OROBUNI,TD2,
2074,ORTHAFF,TD4,
2075,ORTHALP,TD0,
2076,ORTHANO,,
2077,ORTHBRA,,
2078,ORTHCHR,,
2079,ORTHILI,X,
2080,ORTHLAE,X,
2081,ORTHLUT,TD2,
2082,ORTHLYE,M,
2083,ORTHOBT,W,
2084,ORTHOCA,,
2085,ORTHOTH,X,
2086,ORTHOTI,M,
2087,ORTHOTR,TD0,
2088,ORTHPEU,X,
2089,ORTHRUP,TD4,
2090,ORTHSEC,X,
2091,ORTHSPE,X,
2092,ORTHTEN,TD3,
2093,ORYZASP,TD4,
2094,ORYZOPS,TD3,
2095,OSMOBER,X,
2096,OSMODEP,X,
2097,OSMOOCC,X,
2098,OSMOPUR,M,
2099,OSMORHI,X,
2100,OXALORE,M,
2101,OXYCOCC,W,
2102,OXYRDIG,,
2103,OXYRIA,TD3,
2104,OXYTBOR,,
2105,OXYTCAM,TD3,
2106,OXYTDEF,TD4,
2107,OXYTHUD,,
2108,OXYTMAY,,
2109,OXYTNIG,,
2110,OXYTPOD,,
2111,OXYTROP,TD3,
2112,OXYTSCA,,
2113,OXYTSER,TD3,
2114,OXYTSPL,TD4,
2115,OZOMTRI,X,
2116,PACKCAN,TD1,
2117,PACKCYM,TD2,
2118,PACKIND,X,
2119,PACKMAC,,
2120,PACKOGO,,
2121,PACKPAC,X,
2122,PACKPAP,X,
2123,PACKPLA,X,
2124,PACKPSE,X,
2125,PACKSTR,TD3,
2126,PACKSUB,TD4,
2127,PALUDEL,,
2128,PALUFAL,W,
2129,PALUSQU,W,
2130,PANICAP,TD0,
2131,PANICUM,TD0,
2132,PANIDIC,TD4,
2133,PANNLEC,F,
2134,PANNPEZ,X,
2135,PANNPRA,TD0,
2136,PAPALAP,,
2137,PAPAPYG,,
2138,PAPARAD,,
2139,PAPAVER,,
2140,PARAENE,X,
2141,PARALON,TD3,
2142,PARIPEN,TD0,
2143,PARMAMB,X,
2144,PARMELI,TD0,
2145,PARMELO,TD2,
2146,PARMHYE,F,
2147,PARMOMP,TD4,
2148,PARMSAX,TD0,
2149,PARMSUL,X,
2150,PARNASI,TD3,
2151,PARNASS,,
2152,PARNFIM,M,
2153,PARNKOT,,
2154,PARNPAL,W,
2155,PARNPAR,,
2156,PASCOPY,,
2157,PASCSMI,TD3,
2158,PASTINA,,
2159,PAXIMYR,TD4,
2160,PECTBRE,,
2161,PECTIAN,W,
2162,PECTOVA,M,
2163,PECTPEN,X,
2164,PECTPET,M,
2165,PEDIBRA,X,
2166,PEDICAP,,
2167,PEDICON,,
2168,PEDICUL,X,
2169,PEDIGRO,M,
2170,PEDILAB,X,
2171,PEDILAG,,
2172,PEDILAN,,
2173,PEDIMAC,W,
2174,PEDIOED,,
2175,PEDIORN,,
2176,PEDIPAR,W,
2177,PEDIRAC,TD4,
2178,PEDISUD,,
2179,PEDIVER,F,
2180,PELLEND,W,
2181,PELLEPI,,
2182,PELLGAS,TD0,
2183,PELLGLA,TD0,
2184,PELLIA,W,
2185,PELLNEE,M,
2186,PELTAPH,X,
2187,PELTBRI,X,
2188,PELTCAN,TD3,
2189,PELTCHI,X,
2190,PELTCIN,X,
2191,PELTCOL,X,
2192,PELTDEG,TD4,
2193,PELTDID,TD2,
2194,PELTELI,TD3,
2195,PELTGOW,TD3,
2196,PELTHOR,X,
2197,PELTIGE,TD3,
2198,PELTIGR,,
2199,PELTKRI,X,
2200,PELTLEP,TD1,
2201,PELTLEU,X,
2202,PELTMAL,TD2,
2203,PELTMEM,X,
2204,PELTNEC,TD4,
2205,PELTNEO,X,
2206,PELTOCC,X,
2207,PELTOLE,X,
2208,PELTPAC,W,
2209,PELTPON,TD2,
2210,PELTPOY,X,
2211,PELTPRA,X,
2212,PELTRET,TD4,
2213,PELTRUF,TD1,
2214,PELTSCA,X,
2215,PELTVEN,TD3,
2216,PENSALB,TD4,
2217,PENSCON,TD3,
2218,PENSDAV,TD3,
2219,PENSELL,TD4,
2220,PENSERI,,
2221,PENSFRU,TD1,
2222,PENSGOR,TD2,
2223,PENSGRA,M,
2224,PENSLYA,TD4,
2225,PENSPRO,TD4,
2226,PENSPRU,TD3,
2227,PENSSER,TD3,
2228,PENSTEM,TD3,
2229,PENTAGR,TD3,
2230,PENTTRI,X,
2231,PERIMON,TD2,
2232,PERSAMP,W,
2233,PERSHYD,X,
2234,PERSHYR,W,
2235,PERSLAP,,
2236,PERSMAC,W,
2237,PERTDAC,,
2238,PERTPAN,,
2239,PERTSUA,,
2240,PERTSUB,,
2241,PERTUSA,,
2242,PETAFRI,X,
2243,PETASIT,TD4,
2244,PETRORH,,
2245,PHACELI,TD1,
2246,PHACFRA,,
2247,PHACHAS,TD0,
2248,PHACHET,TD3,
2249,PHACLEP,,
2250,PHACLIN,TD0,
2251,PHACLYA,,
2252,PHACOPS,M,
2253,PHACSER,,
2254,PHAENIM,TD2,
2255,PHALARI,F,
2256,PHALARU,X,
2257,PHEGCON,M,
2258,PHEMSED,TD0,
2259,PHILCAP,W,
2260,PHILFON,W,
2261,PHILLEW,TD1,
2262,PHILONO,W,
2263,PHIPALG,,
2264,PHLEALP,,
2265,PHLEPRA,X,
2266,PHLEUM,,
2267,PHLOCAE,TD3,
2268,PHLODIF,TD4,
2269,PHLOHOO,TD3,
2270,PHLOLON,TD0,
2271,PHLOX,TD3,
2272,PHRAAUS,,
2273,PHYLEMP,X,
2274,PHYLGLA,,
2275,PHYLLOD,,
2276,PHYLLOS,TD4,
2277,PHYSADS,TD0,
2278,PHYSAIP,TD2,
2279,PHYSARC,,
2280,PHYSARI,,
2281,PHYSBIZ,TD0,
2282,PHYSCAE,TD1,
2283,PHYSCAP,X,
2284,PHYSCIA,TD2,
2285,PHYSCOA,TD2,
2286,PHYSDID,,
3419,PHYSDOU1,TD3,
2287,PHYSDUB,TD2,
2288,PHYSMAL,TD2,
2289,PHYSMUS,TD1,
2290,PHYSOCA,,
2291,PHYSPHA,,
2292,PHYSTRI,M,
2293,PICEA,X,
2294,PICEAX,X,
2295,PICEENE,X,
2296,PICEENG,X,
2297,PICEGLA,X,
2298,PICEGLM,W,
2299,PICEMAR,X,
2300,PICESIT,M,F
2301,PICESIX,F,
2302,PICEXLU,M,F
2303,PILOACI,X,
2304,PILOCER,TD4,
2305,PILOCLA,,
3416,PILOSELL,TD3,
3417,PILOXFL,,
2306,PINGUIC,,
2307,PINGVIL,W,
2308,PINGVUL,W,
2309,PINUALB,,TD3
2310,PINUBAN,TD4,TD3
2311,PINUCON,X,
2312,PINUFLE,F,TD3
2313,PINUMON,X,
2314,PINUPON,TD1,TD2
2315,PINURAD,F,
2316,PINUS,TD4,X
2317,PIPERIA,TD2,
2318,PIPTEXG,TD1,
2319,PIPTMIR,TD0,
2320,PIPTPUG,TD3,
2321,PLACULI,TD2,
2322,PLAGASL,M,
2323,PLAGCAV,M,
2324,PLAGCIL,X,
2325,PLAGCUS,X,
2326,PLAGDEM,,
2327,PLAGDEN,X,
2328,PLAGDRU,X,
2329,PLAGELL,W,
2330,PLAGINS,M,
2331,PLAGIOB,W,
2332,PLAGIOM,M,
2333,PLAGIOR,W,
2334,PLAGIOT,X,
2335,PLAGLAE,X,
2336,PLAGMED,M,
2337,PLAGNEM,M,
2338,PLAGOED,M,
2339,PLAGPIL,X,
2340,PLAGPOR,M,
2341,PLAGROS,,
2342,PLAGSCO,TD0,
2343,PLAGVEN,X,
2344,PLANLAN,X,
2345,PLANMAC,W,
2346,PLANMAJ,X,
2347,PLANMAR,X,
2348,PLANMED,,
2349,PLANPAT,TD1,
2350,PLANTAG,X,
2351,PLANTAI,M,
2352,PLATANT,X,
2353,PLATAQU,W,
2354,PLATCHO,,
2355,PLATDIL,W,
2356,PLATELE,X,
2357,PLATELO,TD2,
2358,PLATGLA,X,
2359,PLATHER,M,
2360,PLATHUR,W,
2361,PLATISM,,
2362,PLATJUN,M,
2363,PLATOBT,X,
2364,PLATORB,X,
2365,PLATSTR,W,
2366,PLATUNA,X,
2367,PLATYDI,M,
2368,PLECCON,TD2,
2369,PLECMAC,TD2,
2370,PLEUACU,M,
2371,PLEUPUR,W,
2372,PLEUREF,W,
2373,PLEURID,TD4,
2374,PLEUROI,X,
2375,PLEUROZ,X,
2376,PLEURUT,W,
2377,PLEUSCH,X,
2378,POA,X,
2379,POACEAE,X,
2380,PODAAEQ,W,
2381,PODAHUM,,
2382,POGOCON,M,
2383,POGODEN,W,
2384,POGONAT,X,
2385,POGOURN,,
2386,POHLANN,M,
2387,POHLBUL,W,
2388,POHLCAM,M,
2389,POHLCAR,,
2390,POHLCRU,X,
2391,POHLDRU,W,
2392,POHLELO,F,
2393,POHLFIU,W,
2394,POHLIA,X,
2395,POHLLON,W,
2396,POHLLUD,W,
2397,POHLNUT,X,
2398,POHLPRO,W,
2399,POHLWAH,M,
2400,POLEACU,,
2401,POLEBOR,,
2402,POLEELE,,
2403,POLEMIC,TD1,
2404,POLEMON,TD4,
2405,POLEOCC,,
2406,POLEPUL,TD3,
2407,POLEVIS,,
2408,POLYACH,W,
2409,POLYALI,,
2410,POLYAMO,TD4,
2411,POLYAND,M,
2412,POLYAVI,X,
2413,POLYBLA,F,
2414,POLYBRA,M,
2415,POLYCOM,X,
2416,POLYDEN,F,
2417,POLYDOU,TD1,
2418,POLYFOR,X,
2419,POLYGAL,TD3,
2420,POLYGLY,X,
2421,POLYGON,X,
2422,POLYHES,TD2,
2423,POLYIMB,X,
2424,POLYJUN,TD4,
2425,POLYKRU,,
2426,POLYLOC,X,
2427,POLYLOG,W,
2428,POLYLYA,X,
2429,POLYMAJ,TD0,
2430,POLYMIN,X,
2431,POLYMUN,X,
2432,POLYPIL,TD2,
2433,POLYPOD,X,
2434,POLYPOL,,
2435,POLYRAM,TD2,
2436,POLYSCO,TD4,
2437,POLYSCP,X,
2438,POLYSEX,,
2439,POLYSIB,,
2440,POLYSPH,X,
2441,POLYSPO,,
2442,POLYSTI,F,
2443,POLYSTR,W,
2444,POLYTRC,TD2,
2445,POLYTRH,M,
2446,POLYTRI,X,
2447,POPUBAL,X,
2448,POPULUS,X,
2449,POPULX,,
2450,POPUTRE,TD4,
2451,POPUTRI,X,
2452,PORECOR,M,
2453,PORENAV,M,
2454,POROBIG,F,
2455,POTAALP,,
2456,POTAFOL,,
2457,POTAGRA,W,
2458,POTAMOG,,
2459,POTANAT,,
2460,POTANOD,W,
2461,POTAPUS,,
2462,POTARIC,,
2463,POTAZOS,,
2464,POTEANS,X,
2465,POTEARE,,
2466,POTEARG,TD2,
2467,POTEBIF,,
2468,POTEBIP,TD0,
2469,POTEDRU,,
2470,POTEFLA,,
2471,POTEGLU,,
2472,POTEGRA,X,
2473,POTEHIP,TD2,
2474,POTEHOO,,
2475,POTENAN,,
2476,POTENIV,,
2477,POTENOR,X,
2478,POTENTI,X,
2479,POTEOCC,W,
2480,POTEOVI,,
2481,POTEPEN,X,
2482,POTEPUL,,
2483,POTEREC,TD2,
2484,POTERIV,M,
2485,POTESAN,W,
2486,POTESUB,,
2487,POTESUG,,
2488,POTESUP,W,
2489,POTEVIL,,
2490,POTTIA,X,
2491,POTTIAC,TD2,
2492,POTTNEV,TD1,
2493,PREIQUA,W,
2494,PREISSI,,
2495,PRENALA,M,
2496,PRENANT,F,
2497,PRENSAG,F,
2498,PRIMEGA,,
2499,PRIMFRI,,
2500,PRIMHEN,TD2,
2501,PRIMJEF,W,
2502,PRIMLAT,X,
2503,PRIMPAU,TD1,
2504,PRIMULA,TD4,
2505,PROSART,X,
2506,PROSHOO,X,
2507,PROSSMI,M,
2508,PROSTRA,TD3,
2509,PROTPEZ,,
2510,PRUNAVI,TD4,
2511,PRUNEMA,TD2,
2512,PRUNPEN,TD3,
2513,PRUNUS,TD2,
2514,PRUNVIR,TD2,
2515,PRUNVUL,X,
2516,PSEUAEN,TD3,
2517,PSEUANO,M,
2518,PSEUATR,M,
2519,PSEUBAI,M,
2520,PSEUDEH,X,
2521,PSEUDOC,M,
2522,PSEUDOE,,
2523,PSEUDOL,M,
2524,PSEUDOT,W,
2525,PSEUELE,X,
2526,PSEUINC,X,
2527,PSEUMAC,TD3,
2528,PSEUMEN,TD3,X
2529,PSEUPAT,X,
2530,PSEUPUB,TD1,
2531,PSEURAD,X,
2532,PSEURAI,TD2,
2533,PSEUREV,TD0,
2534,PSEUSPI,TD1,
2535,PSEUSTE,X,
2536,PSEUTEC,TD0,
2537,PSEUTHE,TD4,
2538,PSEUTRI,W,
2539,PSORA,TD2,
2540,PSORCER,TD0,
2541,PSORDEC,TD0,
2542,PSORGLO,TD0,
2543,PSORHIM,TD2,
2544,PSORHYP,TD2,
2545,PSORMON,TD1,
2546,PSORNIP,TD2,
2547,PSOROMA,,
2548,PSORTUC,TD0,
2549,PTERAND,TD3,
2550,PTERAQU,X,
2551,PTERFIL,X,
2552,PTERIDI,TD4,
2553,PTEROSP,TD4,
2554,PTEROVA,TD0,
2555,PTERYGO,,
2556,PTILCAL,X,
2557,PTILCIL,X,
2558,PTILCRI,X,
2559,PTILIDI,X,
2560,PTILIUM,X,
2561,PTILPUL,X,
2562,PTYCINC,,
2563,PUCCDIS,X,
2564,PUCCINE,F,
2565,PUCCNUA,X,
2566,PUCCNUT,W,
2567,PUCCPUM,W,
2568,PULSOCC,,
2569,PUNCTEL,W,
2570,PURSTRI,TD1,
2571,PYLIPOL,X,
2572,PYRACAN,TD3,
2573,PYROASA,X,
2574,PYROCHL,X,
2575,PYRODEN,TD3,
2576,PYROELL,X,
2577,PYROGRA,X,
2578,PYROLA,X,
2579,PYROMIN,X,
3420,QUERGAR1,TD2,
2580,RACOACI,TD3,
2581,RACOAFF,TD3,
2582,RACOBRV,TD4,
2583,RACOCAN,TD3,
2584,RACODIU,TD3,
2585,RACOELO,TD3,
2586,RACOERI,TD3,
2587,RACOFAS,X,
2588,RACOHET,TD3,
2589,RACOLAN,X,
2590,RACOLAW,,
2591,RACOMAC,,
2592,RACOMIC,TD3,
2593,RACOMIT,TD3,
2594,RACOMUT,X,
2595,RACOOCC,TD3,
2596,RACORYS,,
2597,RACOSUD,TD3,
2598,RACOVAR,,
2599,RADULA,,
2600,RAMATHR,F,
2601,RANUABO,X,
2602,RANUACR,X,
2603,RANUAQU,W,VW
2604,RANUARC,,
2605,RANUESC,,
2606,RANUFLA,W,VW
2607,RANUFLM,W,
2608,RANUGLA,TD1,
2609,RANUGME,W,VW
2610,RANUGRA,,
2611,RANUHYP,,
2612,RANUINA,,
2613,RANUMAC,X,
2614,RANUNCL,X,
2615,RANUNCU,,
2616,RANUNIV,,
2617,RANUOCC,,
2618,RANUORT,W,
2619,RANUPED,,
2620,RANUPEN,F,
2621,RANUPYG,,
2622,RANUREP,M,
2623,RANUSCE,W,
2624,RANUSUL,,
2625,RANUUNC,X,
2626,RAPHANU,M,
2627,RAPHSAT,,
2628,RHABDOW,TD3,
2629,RHAMALN,TD4,
2630,RHAPREP,X,
2631,RHINANT,TD3,
2632,RHINMIN,TD3,
2633,RHIZAND,,
2634,RHIZCHR,,
2635,RHIZEUP,TD3,
2636,RHIZGEM,,
2637,RHIZGEO,TD3,
2638,RHIZGLB,M,
2639,RHIZGRA,M,
2640,RHIZGRC,W,
2641,RHIZMAC,F,
2642,RHIZMAG,W,
2643,RHIZMEL,TD0,
2644,RHIZNUD,M,
2645,RHIZOCA,X,
2646,RHIZOMN,M,
2647,RHIZOPL,TD3,
2648,RHIZPSE,W,
2649,RHIZPUN,W,
2650,RHIZSUP,TD3,
2651,RHODALB,X,
2652,RHODGRO,X,
2653,RHODINT,,
2654,RHODLAP,,
2655,RHODMAC,TD3,
2656,RHODNEO,X,
2657,RHODOBR,F,
2658,RHODODE,F,
2659,RHODTOM,,
2660,RHUS,TD0,
2661,RHUSGLA,TD0,
2662,RHYNALB,W,
2663,RHYNCHO,TD4,
2664,RHYTIDA,X,
2665,RHYTIDI,X,
2666,RHYTIDO,X,
2667,RHYTIDU,F,
2668,RHYTLOR,M,F
2669,RHYTROB,X,
2670,RHYTRUG,,
2671,RHYTSQU,M,
2672,RHYTSUB,W,
2673,RHYTTRI,X,
2674,RIBEACE,X,
2675,RIBEBRA,M,
2676,RIBECER,TD0,
2677,RIBEDIV,W,
2678,RIBEGLA,X,
2679,RIBEHUD,X,
2680,RIBEINE,X,
2681,RIBELAC,X,
2682,RIBELAX,M,
2683,RIBELOB,F,
2684,RIBEOXY,X,
2685,RIBES,X,
2686,RIBESAN,X,
2687,RIBETRI,X,
2688,RIBEVIS,TD3,
2689,RICCARD,M,
2690,RICCCHA,W,VW
2691,RICCLAT,M,
2692,RICCMUL,W,VW
2693,RICCNAT,,
2694,RICCPAL,W,VW
2695,RINOARC,TD2,
2696,RINODIN,TD2,
2697,RINOTUR,TD4,
2698,ROELLIA,W,
2699,ROELROE,X,
2700,ROMANZO,,
2701,ROMASIT,M,
2702,RORICUR,,
2703,RORICUV,TD4,
2704,RORIPAL,W,
2705,RORIPPA,W,
2706,RORISYL,X,
2707,ROSA,TD3,
2708,ROSAACI,X,
2709,ROSACEA,TD4,
2710,ROSAGYM,TD3,
2711,ROSANUT,X,
2712,ROSAPIS,TD3,
2713,ROSARUB,TD4,
2714,ROSAWOO,TD3,
2715,RUBIACE,M,
2716,RUBUARC,W,
2717,RUBUARM,X,
2718,RUBUCHA,W,
2719,RUBUIDA,X,
2720,RUBULAC,X,
2721,RUBULAS,,
2722,RUBULEU,TD3,
2723,RUBUNIV,W,
2724,RUBUPAR,X,
2725,RUBUPED,F,
2726,RUBUPUB,X,
2727,RUBUS,X,
2728,RUBUSPE,M,
2729,RUBUURS,X,
2730,RUMEACO,X,
2731,RUMEACT,TD1,
2732,RUMECRI,W,
2733,RUMELAP,,
2734,RUMEMAR,,
2735,RUMEOCC,X,
2736,RUMEX,X,
2737,RUPPMAR,W,
2738,SABUAUS,,
2739,SABUELE,TD3,
2740,SABUMAC,TD0,
2741,SABUNUT,,
2742,SABURUB,,
2743,SAELANI,M,
2744,SAGICUN,,
2745,SAGILAT,W,VW
2746,SAGIMAX,X,
2747,SAGINA,,
2748,SAGISAG,,
2749,SAGITTA,W,
2750,SALIALA,F,
2751,SALIALB,W,
2752,SALIAMY,M,
2753,SALIARB,W,M
2754,SALIARC,,
2755,SALIATH,X,
2756,SALIBAA,,
2757,SALIBAC,W,M
2758,SALIBEB,X,
2759,SALIBOO,W,
2760,SALIBRA,,
2761,SALICAN,W,
2762,SALICAS,,TD4
2763,SALICOM,,M
2764,SALICOR,TD4,
2765,SALIDIS,X,
2766,SALIDRU,W,M
2767,SALIEXI,X,
2768,SALIFAR,X,
2769,SALIGEY,W,
2770,SALIGLA,X,
2771,SALIHOO,F,
2772,SALILAS,X,
2773,SALIMAC,X,
2774,SALIMEL,X,
2775,SALIMYR,X,
2776,SALINIV,,
2777,SALIPED,W,
2778,SALIPER,,
2779,SALIPET,X,
2780,SALIPLA,,M
2781,SALIPOL,,
2782,SALIPRO,W,M
2783,SALIPSD,W,M
2784,SALIPSE,W,M
2785,SALIPUL,,M
2786,SALIPYR,X,
2787,SALIRAU,F,
2788,SALIRET,,
2789,SALIRIC,,M
2790,SALIRUB,W,
2791,SALISCO,X,
2792,SALISER,W,
2793,SALISES,X,
2794,SALISIT,W,M
2795,SALISTO,,F
2796,SALITWE,,
2797,SALIVES,X,
2798,SALIX,X,
2799,SALIXFR,X,
2800,SALSTRA,TD0,
2801,SAMBNIG,X,
2802,SAMBRAC,M,
2803,SAMBUCU,X,
2804,SANGOFF,W,
2805,SANGSTI,W,
2806,SANGUIS,X,
2807,SANICRA,TD2,
2808,SANICUL,M,
2809,SANIGRA,TD2,
2810,SANIMAR,X,
2811,SANIONI,X,
2812,SANISYM,W,
2813,SANIUNC,X,
2814,SARCPAC,W,
2815,SARRPUR,W,
2816,SAUSAME,TD4,
2817,SAUSNUD,,
2818,SAUSSUR,,
2819,SAXIADS,,
2820,SAXIAIZ,,
2821,SAXIBRO,TD3,
2822,SAXICER,,
2823,SAXICES,,
2824,SAXIFLA,,
2825,SAXIFRA,X,
2826,SAXIFRG,F,
2827,SAXIHIR,,
2828,SAXIHYP,,
2829,SAXIMER,X,
2830,SAXIOPP,,
2831,SAXITRI,,TD2
2832,SCAPAME,X,
2833,SCAPBOL,M,
2834,SCAPIRR,X,
2835,SCAPMUC,W,
2836,SCAPPAL,W,
2837,SCAPPAU,W,
2838,SCAPSUB,M,
2839,SCAPULI,W,
2840,SCAPUMB,F,
2841,SCEPMUL,M,
2842,SCHEARU,M,
2843,SCHEPAL,W,
2844,SCHEPRA,TD4,
2845,SCHIAGA,TD0,
2846,SCHIAPO,TD1,
2847,SCHIATR,TD4,
2848,SCHIFRI,TD2,
2849,SCHIHET,TD2,
2850,SCHIINC,X,
2851,SCHILAX,W,
2852,SCHIPAP,TD2,
2853,SCHIPEN,M,
2854,SCHIPUR,X,
2855,SCHIRIV,M,
2856,SCHISTI,TD0,
2857,SCHISUB,,
2858,SCHITEN,,
2859,SCHIVEN,,
2860,SCHIZAC,X,
2861,SCHOACU,,VW
2862,SCHOENP,,
2863,SCHOPUN,TD4,
2864,SCHOTAB,,VW
2865,SCIRATR,W,VW
2866,SCIRCYP,M,
2867,SCIRMIC,W,
2868,SCIRPUS,W,
2869,SCLEANN,TD0,
2870,SCLEOBT,,
2871,SCLEROH,F,
2872,SCLEROP,,
2873,SCOLFES,,
2874,SCOLOCH,F,
2875,SCORCOS,W,
2876,SCORPID,,W
2877,SCORREV,W,
2878,SCORSCO,W,
2879,SCOUAQU,M,
2880,SCROPHL,TD4,
2881,SCROPHU,,
2882,SCUTANG,TD2,
2883,SCUTELL,,
2884,SCUTGAL,W,
2885,SCUTLAT,M,
2886,SECACER,,
2887,SEDUDIV,TD4,TD3
2888,SEDULAN,TD2,
2889,SEDUM,TD2,
2890,SEDUORE,TD4,TD3
2891,SEDUSPA,TD2,
2892,SEDUSTE,TD2,
2893,SELADEN,TD1,
2894,SELAGIN,X,
2895,SELASCO,,
2896,SELASEL,M,
2897,SELASIB,,
2898,SELASTA,,
2899,SELAWAL,TD1,
2900,SELIGER,TD2,
2901,SENECIO,X,
2902,SENEERE,M,
2903,SENEFRE,,
2904,SENEHYD,TD3,
2905,SENEHYR,X,
2906,SENEINT,TD3,
2907,SENELUG,,
2908,SENEMEG,TD3,
2909,SENEPSU,W,
2910,SENESHE,M,
2911,SENESYL,,
2912,SENETRI,M,
2913,SENEVUL,X,
2914,SERIRIG,TD4,
2915,SETAVIR,TD3,
2916,SHEPARG,TD1,
2917,SHEPCAN,TD3,
2918,SHEPHER,TD4,
2919,SIBBALD,,
2920,SIBBPRO,,
2921,SILEACA,,
2922,SILEANT,TD1,
2923,SILECSE,TD1,
2924,SILEDIC,TD4,
2925,SILEDOU,TD2,
2926,SILEDRU,TD2,
2927,SILELAT,TD1,
2928,SILEMEN,TD3,
2929,SILENE,TD2,
2930,SILENOC,TD3,
2931,SILEPAR,,
2932,SILEREP,TD0,
2933,SILEURA,,
2934,SILEVUL,TD2,
2935,SIPHCER,W,
2936,SIPHULA,W,
2937,SISYALT,TD1,
2938,SISYCAL,M,
2939,SISYIDA,TD3,
2940,SISYLIN,TD0,
2941,SISYLIT,TD4,
2942,SISYLOE,TD3,
2943,SISYMBR,X,
2944,SISYMON,X,
2945,SISYOFF,TD4,
2946,SISYRIN,X,
2947,SISYSEP,TD4,
2948,SIUMSUA,W,VW
2949,SMELAME,,
2950,SOLAAME,M,
2951,SOLADUL,X,
2952,SOLANUM,X,
2953,SOLEOBO,M,
2954,SOLERUB,,
2955,SOLICAN,X,
2956,SOLIDAG,X,
2957,SOLIGLU,TD1,
2958,SOLILEP,TD4,
2959,SOLIMIS,TD3,
2960,SOLIMUL,,
2961,SOLINEM,X,
2962,SOLISIM,TD2,
2963,SOLOBIS,,
2964,SOLOCRO,,
2965,SOLORIN,,
2966,SOLOSAC,,
2967,SONCARV,X,
2968,SONCASP,TD2,
2969,SONCHUS,X,
2970,SONCOLE,X,
2971,SORBAUC,X,
2972,SORBSCO,X,
2973,SORBSIT,X,
2974,SORBUS,X,
2975,SPARANG,W,
2976,SPAREME,,
2977,SPARGAN,W,VW
2978,SPARGRA,X,
2979,SPARHYP,,
2980,SPARNAT,,
2981,SPERCAN,W,
2982,SPERRUB,,
2983,SPERSAL,TD4,
2984,SPHAALA,,W
2985,SPHAANU,W,
2986,SPHAAON,M,
2987,SPHAAUS,W,
2988,SPHABAL,W,
2989,SPHACAI,W,
2990,SPHACEN,W,
2991,SPHACOM,W,
2992,SPHACON,W,
2993,SPHACUS,W,
2994,SPHAERA,TD4,
2995,SPHAERC,,
2996,SPHAERO,M,
2997,SPHAFIM,W,
2998,SPHAFUS,W,
2999,SPHAGIR,M,
3000,SPHAGLO,F,
3001,SPHAGNA,,
3002,SPHAGNU,W,
3003,SPHAHEN,W,
3004,SPHAJEN,,W
3005,SPHALIN,W,
3006,SPHAMAG,W,
3007,SPHAMAJ,W,
3008,SPHAMEN,W,
3009,SPHAPAC,W,
3010,SPHAPAL,W,
3011,SPHAPAP,W,
3012,SPHAPLA,W,
3013,SPHAQUI,X,
3014,SPHARIP,W,
3015,SPHARUB,W,
3016,SPHARUI,W,
3017,SPHARUS,W,
3018,SPHASQU,W,
3019,SPHASUN,W,
3020,SPHASUS,W,
3021,SPHATEN,W,
3022,SPHATER,W,
3023,SPHATUC,F,
3024,SPHAWAR,W,
3025,SPHAWIL,W,
3026,SPHAWUL,,
3027,SPILREV,TD3,
3028,SPIRAEA,X,
3029,SPIRANT,,
3030,SPIRDOU,W,
3031,SPIRLUC,TD3,
3032,SPIRPOL,W,
3033,SPIRROM,W,
3034,SPIRSPL,W,
3035,SPIRXPY,X,
3036,SPLAAMP,F,
3037,SPLACHA,M,
3038,SPLACHN,X,
3039,SPLACHU,X,
3040,SPLALUT,X,
3041,SPLARUB,TD4,
3042,SPLASPH,X,
3043,SPLAVAS,M,
3044,SPORCRY,TD0,
3045,SPOROBO,M,
3046,SQUACAR,TD2,
3047,SQUALEN,,
3048,SQUAMAR,,
3049,STACARV,X,
3050,STACCHA,M,
3051,STACHYS,F,
3052,STACMEX,M,
3053,STACPAL,X,
3054,STELBOR,X,
3055,STELCAL,X,
3056,STELCRA,X,
3057,STELCRI,M,
3058,STELGRA,,
3059,STELHUM,W,
3060,STELLAR,X,
3061,STELLOG,,
3062,STELLON,,
3063,STELMED,X,
3064,STELNIT,TD0,
3065,STELUMB,,
3066,STENANT,F,
3067,STEPHAN,,
3068,STEPTEN,TD0,
3069,STERALP,,
3070,STERCON,X,
3071,STERDEP,,
3072,STEREOA,,
3073,STEREOC,TD3,
3074,STERGLA,,
3075,STERGRA,TD3,
3076,STERINT,,
3077,STERPAS,TD3,
3078,STERRIV,,
3079,STERTOM,TD3,
3080,STICTA,TD0,
3081,STREAMP,M,
3082,STRELAN,X,
3083,STREPTO,X,
3084,STRESTR,X,
3085,STUCPEC,,VW
3086,SUAECAL,X,
3087,SWERPER,,
3088,SYMPALB,TD3,
3089,SYMPASC,,
3090,SYMPBOR,W,
3091,SYMPBRA,X,
3092,SYMPCAM,TD2,
3093,SYMPCII,X,
3094,SYMPCIL,TD4,
3095,SYMPERI,X,
3096,SYMPFAL,X,
3097,SYMPFOL,X,
3098,SYMPHES,TD3,
3099,SYMPHOR,TD3,
3100,SYMPHYO,TD3,
3101,SYMPLAE,TD3,
3102,SYMPLAN,TD3,
3103,SYMPOCC,TD3,
3104,SYMPORE,TD3,
3105,SYMPPUN,X,
3106,SYMPSPA,X,
3107,SYMPSUB,X,
3108,SYNTCAN,TD2,
3109,SYNTNOR,,
3110,SYNTPAP,,
3111,SYNTPRI,F,
3112,SYNTRUR,TD1,
3113,SYNTWYO,,
3114,SYZYAUT,X,
3115,TAKALEP,,
3116,TANABIP,TD4,
3117,TANAVUL,,
3118,TARACER,,
3119,TARAERY,,
3120,TARAOFF,X,
3121,TARAXAC,X,
3122,TAXUBRE,X,
3123,TAXUS,F,
3124,TAYLLIN,,
3125,TAYLORI,X,
3126,TAYLSER,X,
3127,TELLGRA,M,
3128,TEPHATR,TD3,
3129,TEPHFRI,,
3130,TEPHLIN,,
3131,TETRADY,TD1,
3132,TETRANG,X,
3133,TETRAPH,M,
3134,TETRAPL,TD3,
3135,TETRCAN,TD1,
3136,TETRGEN,M,
3137,TETRMNI,X,
3138,TETRPEL,X,
3139,TETRSET,TD3,
3140,THALALP,,
3141,THALICT,X,
3142,THALOCC,X,
3143,THALSPA,X,
3144,THALVEN,X,
3145,THAMNOL,,
3146,THAMVER,,
3147,THELLAC,M,
3148,THELQUE,W,
3149,THELYPE,F,
3150,THELYPO,M,
3151,THELYPT,W,
3152,THERMOP,F,
3153,THERVEL,TD3,
3154,THININT,TD4,
3155,THINPON,,
3156,THLAARV,TD3,
3157,THROEPI,M,
3158,THUIDEL,TD4,
3159,THUIDIA,,
3160,THUIDIU,X,
3161,THUIREC,M,
3162,THUJA,X,
3163,THUJPLI,X,
3164,THYMELA,W,
3165,TIARELL,F,
3166,TIARTRI,M,
3167,TIMMAUS,X,
3168,TIMMCRA,,
3169,TIMMIA,X,
3170,TIMMMEG,X,
3171,TIMMNOR,TD2,
3172,TOFICOC,W,
3173,TOFIELD,X,
3174,TOFIPUS,,
3175,TOLMIEA,F,
3176,TOLMMEN,M,
3177,TOMEFAL,W,
3178,TOMENIT,W,
3179,TOMENTY,M,
3180,TONELYA,,
3181,TONINIA,TD0,
3182,TONISED,TD1,
3183,TORRPAL,W,
3184,TORTACA,TD0,
3185,TORTCER,TD4,
3186,TORTELL,,
3187,TORTFRA,X,
3188,TORTHOP,,
3189,TORTHUM,TD4,
3190,TORTMUC,,
3191,TORTMUR,X,
3192,TORTTOR,TD4,
3193,TORTULA,TD3,
3194,TOWNPAR,,
3195,TOXIRYD,TD1,
3196,TOXIVEN,TD1,
3197,TRACMEG,TD4,
3198,TRAGDUB,TD1,
3199,TRAGOPO,TD2,
3200,TRAGPRA,TD2,
3201,TRAPELI,,
3202,TRAPELO,,
3203,TRAPGRA,TD4,
3204,TRAUCAR,M,
3205,TRAUTVE,M,
3206,TREMATR,,
3207,TRIAGLU,W,
3208,TRIAOCC,,
3209,TRIBTER,TD4,
3210,TRICALP,W,
3211,TRICAUS,F,
3212,TRICCES,W,
3213,TRICHOP,W,
3214,TRICPUM,,
3215,TRIEBOR,X,
3216,TRIEEUR,W,
3217,TRIENTA,W,
3218,TRIFARV,,
3219,TRIFAUR,TD3,
3220,TRIFBIF,TD2,
3221,TRIFCAM,TD4,
3222,TRIFDUB,TD3,
3223,TRIFHYB,TD3,
3224,TRIFOLG,TD4,
3225,TRIFOLI,X,
3226,TRIFPRA,X,
3227,TRIFREP,TD3,
3228,TRIFWID,TD2,
3229,TRIFWOR,W,
3230,TRIGLOC,W,
3231,TRIGMAR,W,
3232,TRIGPAL,W,
3233,TRILLIU,TD3,
3234,TRILOVA,X,
3235,TRIOPER,TD2,
3236,TRIPLEU,F,
3237,TRISCAN,X,
3238,TRISCER,X,
3239,TRISETU,X,
3240,TRISSPI,,X
3241,TRITAES,,
3242,TRITEXS,,
3243,TRITGRA,,
3244,TRITHYA,TD3,
3245,TRITOMA,F,
3246,TRITSCI,W,
3247,TROLALB,M,
3248,TROLLIU,M,
3249,TSUGHEE,M,
3250,TSUGHET,X,
3251,TSUGMER,X,
3252,TUCKAME,TD4,
3253,TUCKCHL,TD0,
3254,TUCKERM,,
3255,TUCKPLA,,
3256,TURRGLA,X,
3257,TYPHA,,VW
3258,TYPHLAT,W,VW
3259,ULEXEUR,TD2,
3260,ULOTA,M,
3261,ULOTCUR,,
3262,ULOTOBT,M,
3263,UMBIAME,TD0,TD0
3264,UMBIANG,TD3,TD0
3265,UMBICYL,,TD0
3266,UMBIDEU,TD3,TD0
3267,UMBIHAV,TD1,TD0
3268,UMBIHYP,TD1,TD0
3269,UMBILIA,,TD0
3270,UMBILIC,TD1,TD0
3271,UMBILYN,,TD0
3272,UMBIPHA,TD0,TD0
3273,UMBIPOL,TD2,TD0
3274,UMBIPRO,,TD0
3275,UMBITOR,TD2,TD0
3276,UMBIVEL,TD0,TD0
3277,UMBIVIR,,TD0
3278,UNKNOWN,TD2,
3279,UROPLIN,TD2,
3280,URTICA,M,
3281,URTIDIO,M,
3282,USNEA,X,
3283,USNEFIL,M,
3284,USNEGLA,M,
3285,USNELAP,,
3286,USNELON,,
3287,UTRICUL,W,VW
3288,UTRIGIB,W,VW
3289,UTRIINT,W,VW
3290,UTRIMAC,,VW
3291,UTRIMIN,W,VW
3292,VACCALA,M,F
3293,VACCARI,TD4,
3294,VACCCAE,X,TD4
3295,VACCCOR,W,
3296,VACCDEL,X,
3297,VACCGLO,M,
3298,VACCHIS,TD0,
3299,VACCINI,X,
3300,VACCMAC,W,
3301,VACCMEM,X,
3302,VACCMYL,X,
3303,VACCMYT,F,
3304,VACCOVL,X,
3305,VACCOVT,X,
3306,VACCOXY,W,
3307,VACCPAR,X,
3308,VACCSCO,TD4,
3309,VACCULI,X,
3310,VACCVIT,X,
3311,VAHLATR,,
3312,VAHLODE,X,
3313,VALEDIO,,
3314,VALERIA,,
3315,VALERIN,TD4,
3316,VALESCO,,
3317,VALESIT,,F
3318,VALLAME,,VW
3319,VARIRHO,F,
3320,VERATRU,M,
3321,VERAVIR,M,
3322,VERBASC,,
3323,VERBTHA,TD1,
3324,VEROANA,X,
3325,VEROARV,,
3326,VEROBEC,W,
3327,VEROCAT,,
3328,VEROCUS,,
3329,VEROHED,,
3330,VERONIC,,
3331,VEROOFF,TD3,
3332,VEROPER,TD0,
3333,VEROSCU,W,
3334,VEROSER,,
3335,VEROVER,TD2,
3336,VEROWOR,,X
3337,VIBUEDU,X,
3338,VIBUOPU,X,
3339,VIBURNU,M,
3340,VICIA,TD3,
3341,VICIAME,X,
3342,VICICRA,X,
3343,VICIHIR,TD3,
3344,VICINIG,X,
3345,VICISAT,TD1,
3346,VICIVIL,TD0,
3347,VIOLA,X,
3348,VIOLADU,TD3,
3349,VIOLARV,,
3350,VIOLBIF,,
3351,VIOLCAN,X,
3352,VIOLEPI,W,
3353,VIOLGLA,M,
3354,VIOLLAC,,
3355,VIOLLAG,X,
3356,VIOLMAL,W,
3357,VIOLNEP,W,
3358,VIOLORB,X,
3359,VIOLPAL,W,
3360,VIOLPRA,TD2,
3361,VIOLPUR,TD3,
3362,VIOLREN,X,
3363,VIOLSEL,M,
3364,VIOLSEM,F,
3365,VIOLSOR,TD4,
3366,VIOLVAL,TD3,
3367,VULPBRO,TD2,
3368,VULPCAN,F,
3369,VULPICI,,
3370,VULPMIC,X,
3371,VULPMYU,TD3,
3372,VULPOCT,TD0,
3373,VULPPIN,TD4,
3374,VULPTIL,,
3375,WARNEXA,W,
3376,WARNFLU,W,
3377,WARNPSE,W,
3378,WARNSAR,W,
3379,WARNTUN,W,
3380,WAYNEA,TD4,
3381,WEISSIA,TD2,
3382,WOODALP,TD0,
3383,WOODGLA,TD2,
3384,WOODILV,X,
3385,WOODORE,TD0,
3386,WOODSCO,TD0,
3387,WOODSIA,TD0,
3388,XANTCAM,,
3389,XANTCAN,TD3,
3390,XANTCOL,TD3,
3391,XANTCUM,TD0,
3392,XANTELE,TD0,
3393,XANTFAL,TD0,
3394,XANTHIU,TD2,
3395,XANTHOP,TD0,
3396,XANTHOR,TD0,
3397,XANTNOO,M,
3398,XANTPAR,TD0,
3399,XANTPOL,TD0,
3400,XANTSOR,TD4,
3401,XANTWYO,TD0,
3402,XEROTEN,X,
3403,XYLOGRA,,
3404,XYLOVIT,X,
3405,ZANNPAL,W,
3406,ZIGADEN,TD2,
3407,ZYGOPHY,TD4,
